Date,Ticker,Open,High,Low,Close,Volume,Source
2026-01-02,AAPL,272.255,277.84,269.0,271.01,37838054.0,polygon
2026-01-02,AMD,218.9,227.15,218.895,223.47,36446169.0,polygon
2026-01-02,AMZN,231.34,235.458,224.7,226.5,51456229.0,polygon
2026-01-02,AVGO,352.7799987792969,360.6600036621094,345.5599975585937,347.6199951171875,25398600.0,yahoo
2026-01-02,COIN,230.595,238.49,225.91,236.53,8760200.0,polygon
2026-01-02,CRCL,80.83999633789062,84.58000183105469,79.62000274658203,83.47000122070312,8382500.0,yahoo
2026-01-02,CRWV,73.93000030517578,81.16999816894531,73.16000366210938,79.31999969482422,30050000.0,yahoo
2026-01-02,GOOGL,316.9,322.5,310.33,315.15,32009385.0,polygon
2026-01-02,HOOD,115.478,116.03,110.41,115.21,25793456.0,polygon
2026-01-02,IWM,247.63,249.09,245.86,248.78,40007650.0,polygon
2026-01-02,META,662.725,664.39,643.5,650.41,13726517.0,polygon
2026-01-02,MSFT,484.385,484.66,470.16,472.94,25571567.0,polygon
2026-01-02,MU,295.125,315.6,294.86,315.42,42604280.0,polygon
2026-01-02,NVDA,189.835,192.9299,188.26,188.85,148240462.0,polygon
2026-01-02,PLTR,181.3,181.35,166.35,167.86,60634068.0,polygon
2026-01-02,QQQ,620.06,622.85,610.15,613.12,61859163.0,polygon
2026-01-02,SOXL,45.13,48.09,45.08,47.24,132719716.0,polygon
2026-01-02,SPY,685.71,686.87,679.82,683.17,89377203.0,polygon
2026-01-02,TSLA,457.8,458.34,435.3,438.07,85535406.0,polygon
2026-01-05,AAPL,270.64,271.51,266.14,267.26,45647190.0,polygon
2026-01-05,AMD,230.245,234.02,220.48,221.08,31941147.0,polygon
2026-01-05,AMZN,228.84,234.0,227.18,233.06,49733348.0,polygon
2026-01-05,AVGO,354.739990234375,355.0299987792969,336.5,343.4200134277344,31136000.0,yahoo
2026-01-05,COIN,247.105,258.88,246.53,254.92,13695272.0,polygon
2026-01-05,CRCL,84.57499694824219,88.05999755859375,84.0999984741211,84.80000305175781,9112400.0,yahoo
2026-01-05,CRWV,82.9000015258789,84.54000091552734,76.7699966430664,76.86000061035156,27206500.0,yahoo
2026-01-05,GOOGL,317.655,319.015,314.63,316.54,30195597.0,polygon
2026-01-05,HOOD,117.92,123.4199,117.55,123.24,26231024.0,polygon
2026-01-05,IWM,249.79,253.55,249.57,252.73,37428056.0,polygon
2026-01-05,META,651.01,664.54,647.7512,658.79,12213745.0,polygon
2026-01-05,MSFT,474.055,476.07,469.5,472.85,25250260.0,polygon
2026-01-05,MU,325.13,325.53,309.55,312.15,34608591.0,polygon
2026-01-05,NVDA,191.76,193.63,186.15,188.12,183529733.0,polygon
2026-01-05,PLTR,174.88,175.82,171.79,174.04,39511693.0,polygon
2026-01-05,QQQ,619.32,620.81,616.72,617.99,46828359.0,polygon
2026-01-05,SOXL,50.345,51.22,48.63,49.22,94987531.0,polygon
2026-01-05,SPY,686.54,689.43,686.375,687.72,71927191.0,polygon
2026-01-05,TSLA,447.99,457.5499,444.57,451.67,67940839.0,polygon
2026-01-06,AAPL,267.0,267.55,262.12,262.36,52352090.0,polygon
2026-01-06,AMD,222.71,222.92,211.25,214.35,40033208.0,polygon
2026-01-06,AMZN,232.1,243.18,232.07,240.93,53764677.0,polygon
2026-01-06,AVGO,343.6000061035156,349.04998779296875,338.0,343.7699890136719,27135500.0,yahoo
2026-01-06,COIN,255.21,258.35,245.72,250.56,8672516.0,polygon
2026-01-06,CRCL,86.0,86.19999694824219,81.947998046875,84.8499984741211,7456700.0,yahoo
2026-01-06,CRWV,78.6500015258789,78.83999633789062,73.75,77.94000244140625,25473300.0,yahoo
2026-01-06,GOOGL,316.4,320.94,311.78,314.34,31212101.0,polygon
2026-01-06,HOOD,124.16,124.35,118.0498,121.7,20349847.0,polygon
2026-01-06,IWM,252.24,256.25,251.52,256.08,40677781.0,polygon
2026-01-06,META,659.57,665.52,651.9,660.62,11074419.0,polygon
2026-01-06,MSFT,473.8,478.7367,469.75,478.51,23037665.0,polygon
2026-01-06,MU,318.28,344.55,318.06,343.43,48732420.0,polygon
2026-01-06,NVDA,190.52,192.174,186.82,187.24,176862604.0,polygon
2026-01-06,PLTR,175.76,180.19,174.7701,179.71,34838611.0,polygon
2026-01-06,QQQ,619.23,624.0213,618.54,623.42,43137520.0,polygon
2026-01-06,SOXL,51.105,54.3,51.07,54.01,92678645.0,polygon
2026-01-06,SPY,687.93,692.315,687.78,691.81,69273827.0,polygon
2026-01-06,TSLA,446.38,448.25,428.78,432.96,89093758.0,polygon
2026-01-07,AAPL,263.2,263.68,259.81,260.33,48309804.0,polygon
2026-01-07,AMD,212.125,212.125,207.17,210.02,29715483.0,polygon
2026-01-07,AMZN,239.61,245.29,239.52,241.56,42236531.0,polygon
2026-01-07,AVGO,341.70001220703125,349.70001220703125,335.8800048828125,343.5,20249300.0,yahoo
2026-01-07,COIN,248.28,248.9399,240.25,245.93,7488912.0,polygon
2026-01-07,CRCL,83.19000244140625,83.5999984741211,80.52999877929688,80.58999633789062,6610400.0,yahoo
2026-01-07,CRWV,77.13999938964844,79.94000244140625,75.75,77.18000030517578,14413400.0,yahoo
2026-01-07,GOOGL,314.36,326.15,314.19,321.98,35104425.0,polygon
2026-01-07,HOOD,120.05,120.1,116.5501,116.97,18916838.0,polygon
2026-01-07,IWM,256.4,256.795,253.97,255.48,33052026.0,polygon
2026-01-07,META,655.64,659.15,644.81,648.69,12846273.0,polygon
2026-01-07,MSFT,479.755,489.7,477.95,483.47,25564196.0,polygon
2026-01-07,MU,340.71,346.3,337.1801,339.55,32781099.0,polygon
2026-01-07,NVDA,188.57,191.37,186.56,189.11,153543174.0,polygon
2026-01-07,PLTR,179.8,187.28,177.66,181.68,45349012.0,polygon
2026-01-07,QQQ,623.04,627.94,622.56,624.02,44880339.0,polygon
2026-01-07,SOXL,52.2,52.74,50.84,52.29,65698487.0,polygon
2026-01-07,SPY,692.19,693.96,689.32,689.58,75588337.0,polygon
2026-01-07,TSLA,435.9,438.37,431.29,431.41,59828790.0,polygon
2026-01-08,AAPL,257.02,259.29,255.7,259.04,50419337.0,polygon
2026-01-08,AMD,210.9,210.94,203.33,204.68,27505031.0,polygon
2026-01-08,AMZN,243.06,246.41,241.88,246.29,39509844.0,polygon
2026-01-08,AVGO,342.7799987792969,343.67999267578125,330.5,332.4800109863281,24385200.0,yahoo
2026-01-08,COIN,244.615,250.38,242.25,245.59,6897249.0,polygon
2026-01-08,CRCL,79.9000015258789,82.72000122070312,78.8499984741211,81.79000091552734,5375000.0,yahoo
2026-01-08,CRWV,77.57499694824219,79.93000030517578,75.91000366210938,77.08999633789062,20472200.0,yahoo
2026-01-08,GOOGL,328.965,330.3196,321.5,325.44,31896101.0,polygon
2026-01-08,HOOD,115.75,117.32,113.87,115.39,20102352.0,polygon
2026-01-08,IWM,254.7,258.93,254.36,258.27,37957029.0,polygon
2026-01-08,META,645.88,647.102,635.72,646.06,11921708.0,polygon
2026-01-08,MSFT,481.24,482.66,475.86,478.11,18162616.0,polygon
2026-01-08,MU,342.9,343.66,321.36,327.02,33897720.0,polygon
2026-01-08,NVDA,189.11,189.55,183.71,185.04,172457048.0,polygon
2026-01-08,PLTR,185.615,185.66,174.37,176.86,47304286.0,polygon
2026-01-08,QQQ,623.03,623.42,617.8,620.47,50435941.0,polygon
2026-01-08,SOXL,51.798,51.809,48.13,49.65,79844752.0,polygon
2026-01-08,SPY,688.82,690.615,687.49,689.51,64019200.0,polygon
2026-01-08,TSLA,427.89,436.89,424.365,435.8,57041094.0,polygon
2026-01-09,AAPL,259.075,260.21,256.22,259.37,39996967.0,polygon
2026-01-09,AMD,205.72,207.3,203.07,203.17,24217339.0,polygon
2026-01-09,AMZN,244.568,247.86,242.24,247.38,34559961.0,polygon
2026-01-09,AVGO,337.9200134277344,347.3900146484375,333.5,344.9700012207031,22482500.0,yahoo
2026-01-09,COIN,246.07,246.9,237.15,240.78,8104541.0,polygon
2026-01-09,CRCL,82.19999694824219,84.33000183105469,79.44999694824219,82.9000015258789,7686400.0,yahoo
2026-01-09,CRWV,78.31999969482422,81.5,75.51000213623047,80.13999938964844,26303200.0,yahoo
2026-01-09,GOOGL,327.09,330.83,325.8,328.57,26214166.0,polygon
2026-01-09,HOOD,116.975,118.23,114.882,115.27,18094807.0,polygon
2026-01-09,IWM,259.58,261.56,258.09,260.23,36301546.0,polygon
2026-01-09,META,645.435,654.95,642.85,653.06,11634944.0,polygon
2026-01-09,MSFT,474.06,479.82,472.2001,479.28,18491036.0,polygon
2026-01-09,MU,332.745,345.8,326.19,345.09,33387505.0,polygon
2026-01-09,NVDA,185.08,186.34,183.6701,184.86,131327534.0,polygon
2026-01-09,PLTR,177.02,178.72,174.75,177.49,31362890.0,polygon
2026-01-09,QQQ,621.41,627.89,619.06,626.65,49688734.0,polygon
2026-01-09,SOXL,51.085,54.76,50.31,53.95,87214366.0,polygon
2026-01-09,SPY,690.63,695.31,689.18,694.07,80125467.0,polygon
2026-01-09,TSLA,435.945,449.05,430.39,445.01,67331456.0,polygon
2026-01-12,AAPL,259.16,261.3,256.8,260.25,45263767.0,polygon
2026-01-12,AMD,201.18,209.88,199.8,207.69,27287274.0,polygon
2026-01-12,AMZN,246.73,248.94,245.96,246.47,35867770.0,polygon
2026-01-12,AVGO,340.95001220703125,353.8999938964844,340.95001220703125,352.2099914550781,20949600.0,yahoo
2026-01-12,COIN,239.63,248.0,238.04,242.98,5957250.0,polygon
2026-01-12,CRCL,81.13999938964844,83.12000274658203,79.8499984741211,82.9000015258789,6863200.0,yahoo
2026-01-12,CRWV,78.75,91.94000244140624,77.80999755859375,89.93000030517578,43610500.0,yahoo
2026-01-12,GOOGL,325.8,334.04,325.0,331.86,33923928.0,polygon
2026-01-12,HOOD,114.51,119.62,114.455,117.52,17111701.0,polygon
2026-01-12,IWM,259.28,261.66,258.24,261.5,28423355.0,polygon
2026-01-12,META,652.525,653.97,641.225,641.97,14797197.0,polygon
2026-01-12,MSFT,476.67,480.99,475.6803,477.18,23519895.0,polygon
2026-01-12,MU,340.55,348.47,339.32,345.87,23152588.0,polygon
2026-01-12,NVDA,183.22,187.12,183.02,184.94,137968453.0,polygon
2026-01-12,PLTR,177.685,182.5,176.34,179.41,34954543.0,polygon
2026-01-12,QQQ,622.31,628.845,622.26,627.17,37388651.0,polygon
2026-01-12,SOXL,52.385,55.145,52.35,54.65,53193667.0,polygon
2026-01-12,SPY,690.68,696.09,690.63,695.16,63976002.0,polygon
2026-01-12,TSLA,441.225,454.3,438.0,448.96,61649627.0,polygon
2026-01-13,AAPL,258.72,261.81,258.39,261.05,45730847.0,polygon
2026-01-13,AMD,215.1,223.11,214.975,220.97,56894937.0,polygon
2026-01-13,AMZN,246.53,247.66,240.25,242.6,38371778.0,polygon
2026-01-13,AVGO,352.8800048828125,359.489990234375,350.9100036621094,354.6099853515625,18308000.0,yahoo
2026-01-13,COIN,245.5,255.51,244.65,252.69,9026984.0,polygon
2026-01-13,CRCL,83.23500061035156,84.27999877929688,80.29000091552734,83.45999908447266,8436100.0,yahoo
2026-01-13,CRWV,89.05000305175781,91.5,86.86000061035156,87.4800033569336,20414100.0,yahoo
2026-01-13,GOOGL,334.95,340.49,333.62,335.97,33517607.0,polygon
2026-01-13,HOOD,117.4,120.43,116.0,120.24,20026085.0,polygon
2026-01-13,IWM,262.405,262.885,260.46,261.35,33882364.0,polygon
2026-01-13,META,642.27,642.27,624.1,631.09,18030395.0,polygon
2026-01-13,MSFT,474.675,475.7799,465.95,470.67,28545800.0,polygon
2026-01-13,MU,346.27,351.23,335.22,338.13,23881339.0,polygon
2026-01-13,NVDA,184.995,188.1099,183.4,185.81,160128939.0,polygon
2026-01-13,PLTR,178.875,181.1,176.14,178.96,27769354.0,polygon
2026-01-13,QQQ,627.27,629.47,623.695,626.24,44481380.0,polygon
2026-01-13,SOXL,55.69,57.63,55.43,56.07,61895357.0,polygon
2026-01-13,SPY,695.49,696.09,691.35,693.77,78309726.0,polygon
2026-01-13,TSLA,450.2,451.81,443.95,447.2,53719214.0,polygon
2026-01-14,AAPL,259.49,261.82,256.71,259.96,40019421.0,polygon
2026-01-14,AMD,217.54,224.09,215.11,223.6,40466520.0,polygon
2026-01-14,AMZN,241.15,241.28,236.22,236.65,41410578.0,polygon
2026-01-14,AVGO,348.9700012207031,350.69000244140625,334.4200134277344,339.8900146484375,30094700.0,yahoo
2026-01-14,COIN,256.92,263.07,253.0,255.86,10804496.0,polygon
2026-01-14,CRCL,84.98999786376953,88.45999908447266,81.75,84.80000305175781,14373600.0,yahoo
2026-01-14,CRWV,89.19999694824219,93.18000030517578,86.5,89.80000305175781,28378300.0,yahoo
2026-01-14,GOOGL,335.06,336.52,330.48,335.84,28525571.0,polygon
2026-01-14,HOOD,120.29,120.88,116.61,119.67,17838676.0,polygon
2026-01-14,IWM,261.13,263.46,260.19,263.19,37164298.0,polygon
2026-01-14,META,626.5,628.45,614.815,615.52,15527875.0,polygon
2026-01-14,MSFT,466.46,468.2,457.1701,459.38,28184302.0,polygon
2026-01-14,MU,334.84,339.1,328.2,333.35,20277196.0,polygon
2026-01-14,NVDA,184.32,184.46,180.8,183.14,159586135.0,polygon
2026-01-14,PLTR,178.125,181.5975,173.95,178.4,33651401.0,polygon
2026-01-14,QQQ,622.24,623.45,614.56,619.55,72598700.0,polygon
2026-01-14,SOXL,54.89,55.44,53.0,55.38,70434851.0,polygon
2026-01-14,SPY,691.0,691.72,686.04,690.36,94676684.0,polygon
2026-01-14,TSLA,442.81,443.91,434.22,439.2,57259500.0,polygon
2026-01-15,AAPL,260.65,261.04,257.05,258.21,39388564.0,polygon
2026-01-15,AMD,227.9,238.35,227.22,227.92,55270210.0,polygon
2026-01-15,AMZN,239.31,240.65,236.63,238.18,43003571.0,polygon
2026-01-15,AVGO,349.1199951171875,349.67999267578125,341.6700134277344,343.0199890136719,22218800.0,yahoo
2026-01-15,COIN,250.59,251.2,237.4301,239.28,12098913.0,polygon
2026-01-15,CRCL,83.47000122070312,83.79000091552734,76.11000061035156,76.5999984741211,16933700.0,yahoo
2026-01-15,CRWV,94.7300033569336,99.7300033569336,94.25,95.01000213623048,40670400.0,yahoo
2026-01-15,GOOGL,337.65,337.69,330.74,332.78,28442406.0,polygon
2026-01-15,HOOD,119.61,119.8799,110.13,110.35,33323921.0,polygon
2026-01-15,IWM,264.06,267.045,263.73,265.51,33465208.0,polygon
2026-01-15,META,618.48,624.17,614.23,620.8,13076058.0,polygon
2026-01-15,MSFT,464.12,464.25,455.9,456.66,23225839.0,polygon
2026-01-15,MU,345.325,347.77,336.27,336.63,25370230.0,polygon
2026-01-15,NVDA,186.5,189.7,186.33,187.05,206188642.0,polygon
2026-01-15,PLTR,178.71,180.6,176.5301,177.07,31109181.0,polygon
2026-01-15,QQQ,626.6,630.0,620.75,621.78,53934892.0,polygon
2026-01-15,SOXL,60.955,61.665,58.01,58.08,89664307.0,polygon
2026-01-15,SPY,694.57,695.45,691.25,692.24,77861974.0,polygon
2026-01-15,TSLA,441.125,445.36,437.65,438.57,49465813.0,polygon
2026-01-16,AAPL,257.9,258.9,254.93,255.53,72142773.0,polygon
2026-01-16,AMD,234.3,234.49,228.86,231.83,42545614.0,polygon
2026-01-16,AMZN,239.085,239.57,236.41,239.12,45888283.0,polygon
2026-01-16,AVGO,346.2699890136719,354.510009765625,344.04998779296875,351.7099914550781,31291200.0,yahoo
2026-01-16,COIN,239.485,243.19,236.14,241.15,7622434.0,polygon
2026-01-16,CRCL,76.73999786376953,80.0199966430664,75.58000183105469,78.61000061035156,9931600.0,yahoo
2026-01-16,CRWV,97.31999969482422,102.97899627685548,95.75,101.2300033569336,34781400.0,yahoo
2026-01-16,GOOGL,334.41,334.65,327.7,330.0,40341637.0,polygon
2026-01-16,HOOD,111.05,111.25,106.88,108.74,30258481.0,polygon
2026-01-16,IWM,265.865,267.215,264.71,265.76,33844875.0,polygon
2026-01-16,META,624.1762,629.08,620.08,620.25,17012516.0,polygon
2026-01-16,MSFT,457.83,463.19,456.48,459.86,34246650.0,polygon
2026-01-16,MU,353.1,365.81,352.04,362.75,47901925.0,polygon
2026-01-16,NVDA,189.075,190.44,186.08,186.23,187967169.0,polygon
2026-01-16,PLTR,179.36,182.43,170.01,170.96,59483601.0,polygon
2026-01-16,QQQ,625.5,626.08,618.88,621.26,61058094.0,polygon
2026-01-16,SOXL,61.19,62.185,59.5,60.75,58559515.0,polygon
2026-01-16,SPY,693.66,694.25,690.1,691.66,79289200.0,polygon
2026-01-16,TSLA,439.5,447.25,435.2601,437.5,60220551.0,polygon
2026-01-20,AAPL,252.73,254.79,243.42,246.7,80267517.0,polygon
2026-01-20,AMD,226.08,239.5,225.4105,231.92,44327712.0,polygon
2026-01-20,AMZN,233.76,235.09,229.34,231.0,47737854.0,polygon
2026-01-20,AVGO,344.1000061035156,345.3999938964844,331.79998779296875,332.6000061035156,32293900.0,yahoo
2026-01-20,COIN,232.64,234.9,225.96,227.73,9757893.0,polygon
2026-01-20,CRCL,75.69999694824219,77.47000122070312,72.62000274658203,72.69999694824219,12061500.0,yahoo
2026-01-20,CRWV,95.3000030517578,97.37000274658205,93.12999725341795,95.22000122070312,26822500.0,yahoo
2026-01-20,GOOGL,320.87,327.73,320.43,322.0,35361045.0,polygon
2026-01-20,HOOD,105.0,108.35,104.4501,105.78,23515700.0,polygon
2026-01-20,IWM,261.14,265.0799,261.06,262.58,47911489.0,polygon
2026-01-20,META,607.88,611.4,600.0,604.12,15169565.0,polygon
2026-01-20,MSFT,451.215,456.8,449.28,454.52,26129992.0,polygon
2026-01-20,MU,364.68,381.5599,361.35,365.0,49744908.0,polygon
2026-01-20,NVDA,181.9,182.3786,177.61,178.07,223345257.0,polygon
2026-01-20,PLTR,167.625,171.97,166.24,168.53,36708497.0,polygon
2026-01-20,QQQ,610.53,615.055,607.05,608.06,81988898.0,polygon
2026-01-20,SOXL,57.34,61.05,57.22,57.94,71408349.0,polygon
2026-01-20,SPY,681.49,684.77,676.57,677.58,111623277.0,polygon
2026-01-20,TSLA,429.36,430.725,417.44,419.25,63187336.0,polygon
2026-01-21,AAPL,248.7,251.56,245.18,247.65,54641725.0,polygon
2026-01-21,AMD,235.99,252.9,235.78,249.8,62385578.0,polygon
2026-01-21,AMZN,231.085,232.3,226.88,231.31,47276090.0,polygon
2026-01-21,AVGO,335.510009765625,335.79998779296875,324.20001220703125,328.79998779296875,32006600.0,yahoo
2026-01-21,COIN,228.76,231.45,222.4,226.93,8476486.0,polygon
2026-01-21,CRCL,72.9000015258789,74.58999633789062,70.41999816894531,72.63999938964844,8343200.0,yahoo
2026-01-21,CRWV,95.3949966430664,95.91999816894533,87.25,94.0500030517578,29676600.0,yahoo
2026-01-21,GOOGL,320.92,332.4799,319.3518,328.38,35386603.0,polygon
2026-01-21,HOOD,105.725,108.5,104.95,105.92,20051270.0,polygon
2026-01-21,IWM,264.64,268.59,262.92,267.79,59952798.0,polygon
2026-01-21,META,606.74,618.27,600.08,612.96,14494655.0,polygon
2026-01-21,MSFT,452.595,452.69,438.68,444.11,37980510.0,polygon
2026-01-21,MU,372.85,394.2,366.73,389.11,56712817.0,polygon
2026-01-21,NVDA,179.05,185.379,178.4,183.32,200380959.0,polygon
2026-01-21,PLTR,168.402,169.49,161.11,165.33,47851224.0,polygon
2026-01-21,QQQ,609.47,620.42,607.8635,616.28,79837881.0,polygon
2026-01-21,SOXL,60.24,65.11,59.46,63.48,103027334.0,polygon
2026-01-21,SPY,679.65,688.735,678.13,685.4,127844467.0,polygon
2026-01-21,TSLA,421.66,438.2,419.6201,431.44,68123987.0,polygon
2026-01-22,AAPL,249.2,251.0,248.15,248.35,39708340.0,polygon
2026-01-22,AMD,251.745,256.08,246.632,253.73,37945005.0,polygon
2026-01-22,AMZN,234.045,235.72,230.9,234.34,31913325.0,polygon
2026-01-22,AVGO,335.3500061035156,336.989990234375,324.8900146484375,325.489990234375,24275400.0,yahoo
2026-01-22,COIN,228.525,230.75,223.02,223.14,7088821.0,polygon
2026-01-22,CRCL,73.55000305175781,73.80999755859375,70.76000213623047,71.3499984741211,7345900.0,yahoo
2026-01-22,CRWV,97.5199966430664,99.47000122070312,91.56999969482422,91.79000091552734,19946400.0,yahoo
2026-01-22,GOOGL,334.45,335.15,328.75,330.54,26253640.0,polygon
2026-01-22,HOOD,107.48,108.08,105.1,106.25,14834367.0,polygon
2026-01-22,IWM,269.83,271.595,269.42,269.79,35110779.0,polygon
2026-01-22,META,629.35,660.57,626.55,647.63,21394669.0,polygon
2026-01-22,MSFT,447.62,452.84,444.7,451.14,25349378.0,polygon
2026-01-22,MU,396.64,397.78,376.92,397.58,39607596.0,polygon
2026-01-22,NVDA,184.75,186.17,183.93,184.84,139636626.0,polygon
2026-01-22,PLTR,168.925,169.0,164.95,165.9,28499472.0,polygon
2026-01-22,QQQ,622.35,622.46,617.78,620.76,42254757.0,polygon
2026-01-22,SOXL,66.9,66.96,63.042,63.72,62594176.0,polygon
2026-01-22,SPY,689.85,691.125,686.92,688.98,77112243.0,polygon
2026-01-22,TSLA,435.16,449.5,432.6293,449.36,71546729.0,polygon
2026-01-23,AAPL,247.32,249.41,244.68,248.04,41688982.0,polygon
2026-01-23,AMD,261.18,266.96,256.25,259.68,47525928.0,polygon
2026-01-23,AMZN,234.955,240.45,234.57,239.16,33778478.0,polygon
2026-01-23,AVGO,319.29998779296875,321.989990234375,314.1099853515625,320.04998779296875,30259500.0,yahoo
2026-01-23,COIN,222.745,222.745,215.72,216.95,12975056.0,polygon
2026-01-23,CRCL,70.86000061035156,72.55000305175781,69.87999725341797,71.33000183105469,7506200.0,yahoo
2026-01-23,CRWV,90.4499969482422,95.9800033569336,87.06999969482422,92.9800033569336,20375000.0,yahoo
2026-01-23,GOOGL,332.485,333.6889,327.45,327.93,27279974.0,polygon
2026-01-23,HOOD,106.9,111.46,106.5,106.99,17691110.0,polygon
2026-01-23,IWM,269.04,269.05,264.46,264.81,42636691.0,polygon
2026-01-23,META,644.77,666.4899,644.445,658.76,22797723.0,polygon
2026-01-23,MSFT,451.87,471.1,450.53,465.95,38000159.0,polygon
2026-01-23,MU,397.16,412.4299,390.74,399.65,35404198.0,polygon
2026-01-23,NVDA,187.5,189.6,186.8233,187.67,142748076.0,polygon
2026-01-23,PLTR,167.27,172.0,166.3,169.6,30285671.0,polygon
2026-01-23,QQQ,619.73,625.3999,618.65,622.72,43645825.0,polygon
2026-01-23,SOXL,62.48,63.36,60.15,61.6,58613555.0,polygon
2026-01-23,SPY,688.15,690.96,687.16,689.23,63059578.0,polygon
2026-01-23,TSLA,447.425,452.43,444.04,449.06,56771364.0,polygon
2026-01-26,AAPL,251.48,256.56,249.8,255.41,55969234.0,polygon
2026-01-26,AMD,256.745,258.2899,250.3,251.31,30672461.0,polygon
2026-01-26,AMZN,239.98,240.95,237.54,238.42,32825530.0,polygon
2026-01-26,AVGO,319.79998779296875,328.67999267578125,317.6000061035156,324.8500061035156,25006400.0,yahoo
2026-01-26,COIN,212.175,215.64,210.89,213.48,7077472.0,polygon
2026-01-26,CRCL,70.01000213623047,72.43000030517578,69.8499984741211,70.9000015258789,7238000.0,yahoo
2026-01-26,CRWV,102.0,108.6500015258789,98.0500030517578,98.30999755859376,49349000.0,yahoo
2026-01-26,GOOGL,327.805,335.84,327.0,333.26,26042120.0,polygon
2026-01-26,HOOD,106.26,108.49,104.83,107.0,11501606.0,polygon
2026-01-26,IWM,265.07,266.69,263.49,263.98,32119332.0,polygon
2026-01-26,META,665.125,675.28,661.2855,672.36,16327378.0,polygon
2026-01-26,MSFT,465.305,474.25,462.0,470.28,29291235.0,polygon
2026-01-26,MU,395.5,398.0,384.3,389.09,29193925.0,polygon
2026-01-26,NVDA,187.16,189.12,185.99,186.47,124799649.0,polygon
2026-01-26,PLTR,168.21,170.5897,167.325,167.47,22777164.0,polygon
2026-01-26,QQQ,623.21,627.61,622.12,625.46,35983008.0,polygon
2026-01-26,SOXL,60.75,61.955,59.6,60.7,42592439.0,polygon
2026-01-26,SPY,690.49,694.13,689.92,692.73,60473813.0,polygon
2026-01-26,TSLA,445.0,445.04,434.28,435.2,49397415.0,polygon
2026-01-27,AAPL,259.17,261.95,258.21,258.27,49648271.0,polygon
2026-01-27,AMD,252.16,255.55,247.96,252.03,25691598.0,polygon
2026-01-27,AMZN,239.685,244.88,238.08,244.68,38029216.0,polygon
2026-01-27,AVGO,329.760009765625,334.760009765625,327.0199890136719,332.7900085449219,25537600.0,yahoo
2026-01-27,COIN,213.48,213.555,207.77,210.83,7465529.0,polygon
2026-01-27,CRCL,70.37999725341797,70.53800201416016,67.5,69.95999908447266,10213400.0,yahoo
2026-01-27,CRWV,103.6999969482422,111.79000091552734,101.86000061035156,108.86000061035156,49218800.0,yahoo
2026-01-27,GOOGL,335.365,337.91,333.48,334.55,21636164.0,polygon
2026-01-27,HOOD,107.7,109.049,104.66,105.24,18339511.0,polygon
2026-01-27,IWM,264.05,264.86,262.66,264.73,26975518.0,polygon
2026-01-27,META,674.59,676.815,664.66,672.97,13297350.0,polygon
2026-01-27,MSFT,473.7,482.87,473.16,480.58,29213923.0,polygon
2026-01-27,MU,404.61,416.4499,399.6,410.24,36212062.0,polygon
2026-01-27,NVDA,187.24,190.0,185.7,188.52,143711557.0,polygon
2026-01-27,PLTR,167.48,169.44,164.69,165.7,26542310.0,polygon
2026-01-27,QQQ,628.91,632.0427,627.34,631.13,38997212.0,polygon
2026-01-27,SOXL,63.31,65.99,62.54,64.96,61155421.0,polygon
2026-01-27,SPY,694.18,696.53,693.57,695.49,55506147.0,polygon
2026-01-27,TSLA,437.41,437.52,430.69,430.9,37733077.0,polygon
2026-01-28,AAPL,257.65,258.855,254.51,256.44,41287971.0,polygon
2026-01-28,AMD,254.125,257.4,250.21,252.74,27061187.0,polygon
2026-01-28,AMZN,246.365,247.775,241.53,243.01,40882657.0,polygon
2026-01-28,AVGO,338.8500061035156,339.989990234375,326.70001220703125,333.239990234375,23001700.0,yahoo
2026-01-28,COIN,213.28,214.39,206.8,209.43,9046574.0,polygon
2026-01-28,CRCL,72.86000061035156,77.0,71.91000366210938,72.83999633789062,16300600.0,yahoo
2026-01-28,CRWV,114.15499877929688,114.4499969482422,102.63999938964844,106.0199966430664,36455600.0,yahoo
2026-01-28,GOOGL,336.06,337.535,331.94,336.01,27434434.0,polygon
2026-01-28,HOOD,105.29,107.25,103.0,103.4,22380160.0,polygon
2026-01-28,IWM,265.98,266.675,262.56,263.3,37139119.0,polygon
2026-01-28,META,674.5,677.6775,666.1,668.73,25709600.0,polygon
2026-01-28,MSFT,483.21,483.74,478.0,481.63,36875403.0,polygon
2026-01-28,MU,422.435,438.94,417.0,435.28,42725675.0,polygon
2026-01-28,NVDA,191.27,192.35,189.84,191.52,148552677.0,polygon
2026-01-28,PLTR,164.4,165.045,157.24,157.35,44822848.0,polygon
2026-01-28,QQQ,635.46,636.6,631.81,633.22,50691691.0,polygon
2026-01-28,SOXL,69.0,70.93,67.975,70.09,74205465.0,polygon
2026-01-28,SPY,697.05,697.84,693.94,695.42,61172165.0,polygon
2026-01-28,TSLA,431.91,438.26,430.1,431.46,54857403.0,polygon
2026-01-29,AAPL,258.0,259.65,254.41,258.28,67253009.0,polygon
2026-01-29,AMD,254.655,260.5298,240.91,252.18,31685168.0,polygon
2026-01-29,AMZN,242.82,243.0,236.742,241.73,47229643.0,polygon
2026-01-29,AVGO,332.5599975585937,335.95001220703125,320.2799987792969,330.7300109863281,20447500.0,yahoo
2026-01-29,COIN,206.815,207.0,194.21,199.18,14604282.0,polygon
2026-01-29,CRCL,70.30500030517578,70.5999984741211,65.75,67.55000305175781,16968100.0,yahoo
2026-01-29,CRWV,103.86000061035156,106.44000244140624,96.0999984741211,99.52999877929688,30885900.0,yahoo
2026-01-29,GOOGL,340.3,342.29,326.54,338.25,39785612.0,polygon
2026-01-29,HOOD,103.82,103.82,99.2,101.24,29463831.0,polygon
2026-01-29,IWM,264.07,265.06,259.41,263.37,43922928.0,polygon
2026-01-29,META,737.43,744.0,712.55,738.31,59852903.0,polygon
2026-01-29,MSFT,439.99,442.5,421.02,433.5,128855323.0,polygon
2026-01-29,MU,439.37,444.71,417.7,435.79,42675710.0,polygon
2026-01-29,NVDA,191.34,193.48,186.06,192.51,171764375.0,polygon
2026-01-29,PLTR,157.63,157.63,147.12,151.86,59846810.0,polygon
2026-01-29,QQQ,632.65,633.67,618.27,629.43,79944047.0,polygon
2026-01-29,SOXL,70.398,71.98,62.65,70.47,78058215.0,polygon
2026-01-29,SPY,696.39,697.06,684.83,694.04,97486198.0,polygon
2026-01-29,TSLA,437.8,440.2299,414.62,416.56,81686127.0,polygon
2026-01-30,AAPL,255.165,261.8999,252.18,259.48,92443408.0,polygon
2026-01-30,AMD,236.93,245.24,234.55,236.73,40035670.0,polygon
2026-01-30,AMZN,239.89,243.315,237.64,239.3,46585024.0,polygon
2026-01-30,AVGO,332.44000244140625,338.20001220703125,328.3299865722656,331.29998779296875,28313000.0,yahoo
2026-01-30,COIN,198.7,198.96,190.96,194.74,9635409.0,polygon
2026-01-30,CRCL,66.5999984741211,66.91000366210938,61.8849983215332,63.93000030517578,15737900.0,yahoo
2026-01-30,CRWV,99.0,99.5,92.5,93.19000244140624,25314900.0,yahoo
2026-01-30,GOOGL,340.0,340.0,332.285,338.0,31023954.0,polygon
2026-01-30,HOOD,102.735,104.3,98.37,99.48,23773098.0,polygon
2026-01-30,IWM,261.07,262.98,257.94,259.65,59164154.0,polygon
2026-01-30,META,727.5,732.17,713.59,716.5,23744573.0,polygon
2026-01-30,MSFT,439.17,439.6,426.45,430.29,58566819.0,polygon
2026-01-30,MU,446.465,455.5,407.13,414.88,51022881.0,polygon
2026-01-30,NVDA,191.21,194.49,189.47,191.13,179489463.0,polygon
2026-01-30,PLTR,150.05,151.0,145.139,146.59,47271042.0,polygon
2026-01-30,QQQ,625.71,628.256,619.2975,621.87,65650714.0,polygon
2026-01-30,SOXL,67.12,69.86,60.29,61.79,83504157.0,polygon
2026-01-30,SPY,691.79,694.21,687.12,691.97,101835131.0,polygon
2026-01-30,TSLA,425.35,439.88,422.7,430.41,82626066.0,polygon
2026-02-02,AAPL,260.03,270.49,259.205,270.01,73913425.0,polygon
2026-02-02,AMD,235.77,249.97,235.0,246.27,36308106.0,polygon
2026-02-02,AMZN,238.31,245.6299,238.17,242.96,37546102.0,polygon
2026-02-02,AVGO,326.1099853515625,336.0599975585937,325.75,331.1099853515625,17278200.0,yahoo
2026-02-02,COIN,189.805,190.9399,185.08,187.86,12288663.0,polygon
2026-02-02,CRCL,61.5,61.869998931884766,58.40999984741211,58.86000061035156,14468200.0,yahoo
2026-02-02,CRWV,92.83499908447266,94.7699966430664,88.5199966430664,88.94000244140625,19489100.0,yahoo
2026-02-02,GOOGL,336.22,344.83,335.63,343.69,32006052.0,polygon
2026-02-02,HOOD,95.88,95.885,88.67,89.91,59741795.0,polygon
2026-02-02,IWM,258.48,263.77,258.35,262.18,42896193.0,polygon
2026-02-02,META,714.6,721.3,703.5201,706.41,14365224.0,polygon
2026-02-02,MSFT,430.235,430.736,422.25,423.37,42219858.0,polygon
2026-02-02,MU,412.18,442.43,410.0,437.8,37771237.0,polygon
2026-02-02,NVDA,187.2,190.3,184.88,185.61,165794054.0,polygon
2026-02-02,PLTR,150.94,151.4,146.654,147.76,72811145.0,polygon
2026-02-02,QQQ,618.7,628.49,618.66,626.14,49020292.0,polygon
2026-02-02,SOXL,59.46,66.94,59.1,65.2,66960964.0,polygon
2026-02-02,SPY,689.58,696.93,689.425,695.41,79286458.0,polygon
2026-02-02,TSLA,421.29,427.15,414.5,421.81,58739455.0,polygon
2026-02-03,AAPL,269.2,271.875,267.61,269.48,64394655.0,polygon
2026-02-03,AMD,251.55,252.65,237.0376,242.11,53097051.0,polygon
2026-02-03,AMZN,244.975,246.35,235.45,238.62,53831298.0,polygon
2026-02-03,AVGO,336.739990234375,338.8999938964844,308.6499938964844,320.3299865722656,36914800.0,yahoo
2026-02-03,COIN,188.68,188.68,174.05,179.66,12610294.0,polygon
2026-02-03,CRCL,60.16600036621094,60.16600036621094,53.7599983215332,56.15999984741211,16819300.0,yahoo
2026-02-03,CRWV,91.0199966430664,92.12000274658205,83.93000030517578,90.05999755859375,25101400.0,yahoo
2026-02-03,GOOGL,347.34,349.0,337.4745,339.71,36506709.0,polygon
2026-02-03,HOOD,90.1,90.35,84.93,87.07,36550000.0,polygon
2026-02-03,IWM,263.06,265.0599,258.551,262.78,54588013.0,polygon
2026-02-03,META,707.37,717.0,686.41,691.7,13760663.0,polygon
2026-02-03,MSFT,422.01,422.05,408.56,411.21,61424123.0,polygon
2026-02-03,MU,442.16,442.3,407.53,419.44,42763289.0,polygon
2026-02-03,NVDA,186.24,186.27,176.23,180.34,204019589.0,polygon
2026-02-03,PLTR,165.05,165.078,153.12,157.88,113169200.0,polygon
2026-02-03,QQQ,628.3,629.98,610.96,616.52,81233969.0,polygon
2026-02-03,SOXL,66.81,67.62,57.02,61.2,101338454.0,polygon
2026-02-03,SPY,696.21,696.96,684.03,689.53,107904611.0,polygon
2026-02-03,TSLA,424.27,428.56,413.6901,421.96,56886549.0,polygon
2026-02-04,AAPL,272.285,278.95,272.285,276.49,90545710.0,polygon
2026-02-04,AMD,215.0,218.58,199.1501,200.19,107173293.0,polygon
2026-02-04,AMZN,238.86,238.86,231.82,232.99,51299947.0,polygon
2026-02-04,AVGO,319.510009765625,319.510009765625,295.29998779296875,308.04998779296875,43330300.0,yahoo
2026-02-04,COIN,176.11,176.75,164.42,168.62,16627614.0,polygon
2026-02-04,CRCL,56.185001373291016,56.290000915527344,51.52000045776367,55.04999923706055,14496000.0,yahoo
2026-02-04,CRWV,89.55000305175781,91.9499969482422,81.01000213623047,82.45999908447266,26247800.0,yahoo
2026-02-04,GOOGL,342.96,343.31,328.52,333.04,70618398.0,polygon
2026-02-04,HOOD,84.77,85.3,77.62,80.62,62547862.0,polygon
2026-02-04,IWM,264.16,264.65,257.14,260.52,48826545.0,polygon
2026-02-04,META,687.73,688.83,667.46,668.99,16882761.0,polygon
2026-02-04,MSFT,411.0,419.8,409.24,414.19,45012374.0,polygon
2026-02-04,MU,410.59,413.0,363.901,379.4,58074935.0,polygon
2026-02-04,NVDA,179.46,179.58,171.91,174.19,207014116.0,polygon
2026-02-04,PLTR,155.41,155.85,135.68,139.54,113199525.0,polygon
2026-02-04,QQQ,615.02,615.1,600.47,605.75,81850748.0,polygon
2026-02-04,SOXL,59.44,61.03,49.33,53.19,139149384.0,polygon
2026-02-04,SPY,690.35,691.45,681.76,686.19,105204600.0,polygon
2026-02-04,TSLA,420.46,423.9,399.18,406.01,74606873.0,polygon
2026-02-05,AAPL,278.13,279.5,273.23,275.91,52977441.0,polygon
2026-02-05,AMD,201.855,204.04,190.72,192.5,62196419.0,polygon
2026-02-05,AMZN,224.91,226.31,220.38,222.69,103509230.0,polygon
2026-02-05,AVGO,314.3399963378906,326.5299987792969,306.70001220703125,310.510009765625,42775800.0,yahoo
2026-02-05,COIN,160.43,165.0,145.16,146.12,29610518.0,polygon
2026-02-05,CRCL,53.630001068115234,54.47800064086914,49.900001525878906,50.22999954223633,15489000.0,yahoo
2026-02-05,CRWV,79.6500015258789,81.97000122070312,74.0,74.6500015258789,23637700.0,yahoo
2026-02-05,GOOGL,312.22,332.69,306.46,331.25,88205849.0,polygon
2026-02-05,HOOD,77.67,79.41,71.87,72.68,56483080.0,polygon
2026-02-05,IWM,258.5,261.62,255.05,255.83,48279639.0,polygon
2026-02-05,META,663.58,681.5,653.5,670.21,17131791.0,polygon
2026-02-05,MSFT,407.44,408.3,392.32,393.67,66289247.0,polygon
2026-02-05,MU,369.62,390.93,366.0,382.89,38899485.0,polygon
2026-02-05,NVDA,174.925,176.815,171.03,171.88,206312890.0,polygon
2026-02-05,PLTR,136.82,137.98,128.32,130.01,93690793.0,polygon
2026-02-05,QQQ,600.21,604.81,594.76,597.03,89354492.0,polygon
2026-02-05,SOXL,51.305,55.49,50.01,53.25,109350335.0,polygon
2026-02-05,SPY,680.94,683.69,675.79,677.62,113610812.0,polygon
2026-02-05,TSLA,397.015,402.1,387.5309,397.21,72819838.0,polygon
2026-02-06,AAPL,277.12,280.905,276.925,278.12,50453414.0,polygon
2026-02-06,AMD,197.13,209.27,196.43,208.44,54504470.0,polygon
2026-02-06,AMZN,202.7,211.44,200.31,210.32,179210851.0,polygon
2026-02-06,AVGO,320.1000061035156,335.0,316.29998779296875,332.9200134277344,33003400.0,yahoo
2026-02-06,COIN,154.555,165.52,151.57,165.12,19776132.0,polygon
2026-02-06,CRCL,53.80500030517578,57.79999923706055,53.619998931884766,57.040000915527344,17508700.0,yahoo
2026-02-06,CRWV,77.9000015258789,90.5999984741211,77.0999984741211,89.94999694824219,36852800.0,yahoo
2026-02-06,GOOGL,327.18,330.38,319.92,322.86,56380484.0,polygon
2026-02-06,HOOD,77.86,84.3,77.12,82.82,54593875.0,polygon
2026-02-06,IWM,259.74,265.72,259.58,265.02,43354860.0,polygon
2026-02-06,META,665.49,671.9899,646.5001,661.46,18159253.0,polygon
2026-02-06,MSFT,399.165,401.79,392.92,401.14,53515311.0,polygon
2026-02-06,MU,377.965,396.65,372.8726,394.69,37196006.0,polygon
2026-02-06,NVDA,176.69,187.0,174.6,185.41,231346241.0,polygon
2026-02-06,PLTR,135.33,137.6871,132.35,135.9,62661425.0,polygon
2026-02-06,QQQ,600.19,611.41,598.77,609.65,78019338.0,polygon
2026-02-06,SOXL,56.4,62.25,55.67,61.75,108594233.0,polygon
2026-02-06,SPY,681.46,692.31,680.85,690.62,89127566.0,polygon
2026-02-06,TSLA,400.87,414.55,397.751,411.11,62677144.0,polygon
2026-02-09,AAPL,277.905,278.2,271.7,274.62,44623396.0,polygon
2026-02-09,AMD,206.895,217.6,204.15,216.0,38810841.0,polygon
2026-02-09,AMZN,208.97,212.81,203.35,208.72,91178443.0,polygon
2026-02-09,AVGO,330.7699890136719,352.3399963378906,330.6499938964844,343.94000244140625,30091000.0,yahoo
2026-02-09,COIN,160.095,167.57,159.01,167.25,10618457.0,polygon
2026-02-09,CRCL,56.33000183105469,60.880001068115234,55.7599983215332,60.09999847412109,10755400.0,yahoo
2026-02-09,CRWV,90.06999969482422,97.94000244140624,88.69999694824219,96.79000091552734,25424400.0,yahoo
2026-02-09,GOOGL,320.93,327.7,317.26,324.32,39640055.0,polygon
2026-02-09,HOOD,84.88,88.6,82.83,86.56,41278076.0,polygon
2026-02-09,IWM,264.84,267.67,263.34,266.88,29064849.0,polygon
2026-02-09,META,663.18,683.3099,658.78,677.22,14837529.0,polygon
2026-02-09,MSFT,404.85,414.89,400.87,413.6,45480526.0,polygon
2026-02-09,MU,380.69,391.8099,370.68,383.5,31009558.0,polygon
2026-02-09,NVDA,184.26,193.66,183.95,190.04,196387351.0,polygon
2026-02-09,PLTR,136.58,145.87,134.776,142.91,58042462.0,polygon
2026-02-09,QQQ,607.54,616.46,605.07,614.32,56797557.0,polygon
2026-02-09,SOXL,59.99,65.045,59.29,64.03,66670511.0,polygon
2026-02-09,SPY,689.42,695.87,688.34,693.95,73885192.0,polygon
2026-02-09,TSLA,409.905,421.25,407.29,417.32,54484258.0,polygon
2026-02-10,AAPL,274.885,275.37,272.94,273.68,34376898.0,polygon
2026-02-10,AMD,215.14,219.39,213.13,213.57,25326694.0,polygon
2026-02-10,AMZN,208.795,212.6499,206.411,206.96,67175031.0,polygon
2026-02-10,AVGO,347.4700012207031,348.010009765625,339.8399963378906,340.44000244140625,19542700.0,yahoo
2026-02-10,COIN,162.56,167.92,161.86,162.51,8835243.0,polygon
2026-02-10,CRCL,58.540000915527344,62.0,58.29999923706055,59.75,7515500.0,yahoo
2026-02-10,CRWV,95.0,97.29000091552734,93.8000030517578,95.11000061035156,14088200.0,yahoo
2026-02-10,GOOGL,320.97,321.67,314.61,318.58,39170012.0,polygon
2026-02-10,HOOD,85.315,88.22,85.21,85.6,41823769.0,polygon
2026-02-10,IWM,267.23,268.52,265.88,266.16,24661655.0,polygon
2026-02-10,META,677.6,680.65,669.79,670.72,10455816.0,polygon
2026-02-10,MSFT,419.62,423.68,412.7,413.27,44857850.0,polygon
2026-02-10,MU,375.99,382.79,366.06,373.25,35433808.0,polygon
2026-02-10,NVDA,191.38,192.48,188.12,188.54,136764825.0,polygon
2026-02-10,PLTR,144.965,145.5599,137.77,139.51,56061308.0,polygon
2026-02-10,QQQ,615.305,617.02,611.01,611.47,53938859.0,polygon
2026-02-10,SOXL,64.67,65.21,61.42,63.34,58273908.0,polygon
2026-02-10,SPY,694.95,696.54,691.66,692.12,65185725.0,polygon
2026-02-10,TSLA,418.08,427.25,417.0,425.21,64450233.0,polygon
2026-02-11,AAPL,274.695,280.18,274.45,275.5,51931283.0,polygon
2026-02-11,AMD,217.88,219.65,209.21,213.58,33384744.0,polygon
2026-02-11,AMZN,208.06,208.57,202.49,204.08,65545455.0,polygon
2026-02-11,AVGO,346.79998779296875,347.20001220703125,333.739990234375,342.760009765625,17004700.0,yahoo
2026-02-11,COIN,157.7,158.1,148.85,153.2,13923803.0,polygon
2026-02-11,CRCL,59.11000061035156,59.16999816894531,55.88999938964844,57.86000061035156,8585500.0,yahoo
2026-02-11,CRWV,95.81999969482422,97.7699966430664,88.52999877929688,95.1500015258789,21192300.0,yahoo
2026-02-11,GOOGL,318.97,321.06,309.66,310.96,45406405.0,polygon
2026-02-11,HOOD,77.875,79.9,74.25,77.97,68727554.0,polygon
2026-02-11,IWM,268.47,268.96,262.1,264.95,41829428.0,polygon
2026-02-11,META,674.0,679.2675,657.1,668.69,14323818.0,polygon
2026-02-11,MSFT,416.175,416.46,401.01,404.37,42491012.0,polygon
2026-02-11,MU,395.385,414.16,386.57,410.34,48474994.0,polygon
2026-02-11,NVDA,192.45,193.26,188.77,190.05,144192685.0,polygon
2026-02-11,PLTR,139.025,139.25,132.95,135.68,52796053.0,polygon
2026-02-11,QQQ,616.38,617.52,607.69,613.11,58575101.0,polygon
2026-02-11,SOXL,67.21,69.095,63.2299,68.05,89724221.0,polygon
2026-02-11,SPY,696.39,697.14,689.18,691.96,76353872.0,polygon
2026-02-11,TSLA,427.955,436.35,420.03,428.27,57361989.0,polygon
2026-02-12,AAPL,275.59,275.72,260.18,261.73,81077229.0,polygon
2026-02-12,AMD,215.83,218.4564,205.14,205.94,32180957.0,polygon
2026-02-12,AMZN,203.96,203.96,197.56,199.6,83975393.0,polygon
2026-02-12,AVGO,343.8299865722656,346.2900085449219,329.5599975585937,331.1700134277344,22007300.0,yahoo
2026-02-12,COIN,153.095,153.2,139.36,141.09,19986069.0,polygon
2026-02-12,CRCL,58.75,58.75,55.310001373291016,56.630001068115234,8567200.0,yahoo
2026-02-12,CRWV,94.26499938964844,97.5,90.33000183105467,95.6999969482422,20441400.0,yahoo
2026-02-12,GOOGL,312.09,316.24,307.2,309.0,47761288.0,polygon
2026-02-12,HOOD,78.87,79.0,70.43,71.12,57569308.0,polygon
2026-02-12,IWM,267.02,267.46,258.39,259.54,47628169.0,polygon
2026-02-12,META,669.97,676.0,645.28,649.81,14960108.0,polygon
2026-02-12,MSFT,405.0,406.2,398.01,401.84,40802362.0,polygon
2026-02-12,MU,422.25,438.77,411.1648,413.97,45639117.0,polygon
2026-02-12,NVDA,193.03,193.61,186.51,186.94,189932491.0,polygon
2026-02-12,PLTR,135.36,135.89,126.56,129.13,74090639.0,polygon
2026-02-12,QQQ,614.71,615.81,599.5699,600.64,81378903.0,polygon
2026-02-12,SOXL,69.67,70.86,62.77,63.1,90896096.0,polygon
2026-02-12,SPY,694.24,695.35,680.37,681.27,118828963.0,polygon
2026-02-12,TSLA,430.3,436.23,414.0,417.07,61933359.0,polygon
2026-02-13,AAPL,262.01,262.23,255.45,255.78,56290673.0,polygon
2026-02-13,AMD,204.02,210.05,203.8801,207.32,26123882.0,polygon
2026-02-13,AMZN,198.88,201.16,197.275,198.79,66321593.0,polygon
2026-02-13,AVGO,329.8500061035156,334.32000732421875,324.69000244140625,325.1700134277344,18397200.0,yahoo
2026-02-13,COIN,153.7,167.65,146.16,164.32,32410122.0,polygon
2026-02-13,CRCL,58.43999862670898,62.20000076293945,57.22999954223633,60.040000915527344,12023900.0,yahoo
2026-02-13,CRWV,94.27999877929688,100.69000244140624,91.0,96.04000091552734,23117000.0,yahoo
2026-02-13,GOOGL,307.725,308.63,303.71,305.72,38499701.0,polygon
2026-02-13,HOOD,72.465,77.0752,71.52,75.97,43506942.0,polygon
2026-02-13,IWM,260.6,265.17,258.51,262.96,45360322.0,polygon
2026-02-13,META,645.1,651.4299,634.57,639.77,12336363.0,polygon
2026-02-13,MSFT,404.45,405.54,398.05,401.32,34091553.0,polygon
2026-02-13,MU,405.19,420.88,392.71,411.66,33807586.0,polygon
2026-02-13,NVDA,187.475,187.5,181.59,182.81,161888021.0,polygon
2026-02-13,PLTR,127.9,133.56,126.2325,131.41,49438053.0,polygon
2026-02-13,QQQ,600.43,606.48,596.42,601.92,69237547.0,polygon
2026-02-13,SOXL,63.925,66.25,61.43,64.59,79931289.0,polygon
2026-02-13,SPY,681.69,686.28,677.52,681.75,96267487.0,polygon
2026-02-13,TSLA,414.305,424.06,410.88,417.44,51434147.0,polygon
2026-02-17,AAPL,258.05,266.29,255.54,263.88,58469094.0,polygon
2026-02-17,AMD,202.145,205.3,194.83,203.08,33712081.0,polygon
2026-02-17,AMZN,198.125,201.7362,196.0,201.15,69879200.0,polygon
2026-02-17,AVGO,319.67999267578125,335.75,316.3099975585937,332.5400085449219,23469700.0,yahoo
2026-02-17,COIN,162.475,170.54,158.4,166.02,16770648.0,polygon
2026-02-17,CRCL,59.27000045776367,62.900001525878906,57.02000045776367,61.619998931884766,9686900.0,yahoo
2026-02-17,CRWV,92.69000244140624,95.45999908447266,89.08999633789062,91.0,17482200.0,yahoo
2026-02-17,GOOGL,300.04,304.435,296.25,302.02,39247556.0,polygon
2026-02-17,HOOD,74.34,76.72,72.87,75.44,31818504.0,polygon
2026-02-17,IWM,262.375,264.36,259.06,263.04,33734782.0,polygon
2026-02-17,META,639.495,642.6,628.8,639.29,12674739.0,polygon
2026-02-17,MSFT,399.22,400.52,394.525,396.86,32078794.0,polygon
2026-02-17,MU,400.95,413.66,395.3,399.78,28549505.0,polygon
2026-02-17,NVDA,181.75,187.15,179.18,184.97,162276860.0,polygon
2026-02-17,PLTR,128.895,134.32,127.29,133.02,48407140.0,polygon
2026-02-17,QQQ,598.375,603.95,593.34,601.3,69013763.0,polygon
2026-02-17,SOXL,62.02,65.96,59.56,64.35,79420360.0,polygon
2026-02-17,SPY,680.14,684.94,675.78,682.85,81354660.0,polygon
2026-02-17,TSLA,412.36,413.72,400.51,410.63,59678789.0,polygon
2026-02-18,AAPL,263.6,266.82,262.45,264.35,34203337.0,polygon
2026-02-18,AMD,198.405,203.2,195.0001,200.12,35664087.0,polygon
2026-02-18,AMZN,202.07,206.86,201.51,204.79,51003299.0,polygon
2026-02-18,AVGO,329.5199890136719,337.8800048828125,327.2300109863281,333.510009765625,13565300.0,yahoo
2026-02-18,COIN,165.395,173.88,163.15,164.05,13792220.0,polygon
2026-02-18,CRCL,62.125,64.69999694824219,61.20000076293945,63.150001525878906,7462500.0,yahoo
2026-02-18,CRWV,91.08499908447266,97.29000091552734,87.5,95.4499969482422,17481800.0,yahoo
2026-02-18,GOOGL,302.09,305.38,301.25,303.33,28482075.0,polygon
2026-02-18,HOOD,74.79,78.265,74.06,75.21,25655440.0,polygon
2026-02-18,IWM,263.03,266.91,261.85,263.99,36034689.0,polygon
2026-02-18,META,633.8,645.0,628.145,643.22,14649196.0,polygon
2026-02-18,MSFT,398.13,402.56,396.32,399.6,23223417.0,polygon
2026-02-18,MU,399.5,427.85,394.6,420.95,32306578.0,polygon
2026-02-18,NVDA,188.75,190.37,186.76,187.98,164749125.0,polygon
2026-02-18,PLTR,135.89,140.9625,134.87,135.38,59677079.0,polygon
2026-02-18,QQQ,602.11,609.771,600.72,605.79,64250668.0,polygon
2026-02-18,SOXL,65.255,68.445,64.07,66.29,69348988.0,polygon
2026-02-18,SPY,684.02,689.15,682.83,686.29,73570341.0,polygon
2026-02-18,TSLA,411.11,416.9,409.58,411.32,45921402.0,polygon
2026-02-19,AAPL,262.6,264.48,260.05,260.58,30845294.0,polygon
2026-02-19,AMD,200.11,204.1,198.2939,203.37,25842274.0,polygon
2026-02-19,AMZN,203.8,205.6396,202.81,204.86,35669611.0,polygon
2026-02-19,AVGO,333.010009765625,338.44000244140625,329.67999267578125,333.989990234375,15180900.0,yahoo
2026-02-19,COIN,162.42,167.58,161.12,165.94,8001662.0,polygon
2026-02-19,CRCL,62.26499938964844,62.84999847412109,59.79999923706055,61.91999816894531,6951600.0,yahoo
2026-02-19,CRWV,95.28500366210938,98.29000091552734,93.51000213623048,97.13999938964844,10807600.0,yahoo
2026-02-19,GOOGL,301.82,305.47,300.04,302.85,25834395.0,polygon
2026-02-19,HOOD,74.39,76.14,73.53,75.65,20780449.0,polygon
2026-02-19,IWM,262.57,264.64,261.075,264.6,31005952.0,polygon
2026-02-19,META,638.57,647.19,636.72,644.78,10035698.0,polygon
2026-02-19,MSFT,400.69,404.43,396.67,398.46,28234001.0,polygon
2026-02-19,MU,415.81,420.315,407.74,417.35,21651264.0,polygon
2026-02-19,NVDA,187.055,188.43,185.66,187.9,126554526.0,polygon
2026-02-19,PLTR,132.31,136.16,131.01,134.89,42197237.0,polygon
2026-02-19,QQQ,602.81,605.815,600.75,603.47,60960839.0,polygon
2026-02-19,SOXL,64.33,65.51,62.96,65.23,68827490.0,polygon
2026-02-19,SPY,683.84,686.18,681.5475,684.48,58649363.0,polygon
2026-02-19,TSLA,407.25,415.2499,404.11,411.71,51019638.0,polygon
2026-02-20,AAPL,258.97,264.75,258.16,264.58,42070499.0,polygon
2026-02-20,AMD,200.115,204.87,198.56,200.15,36317256.0,polygon
2026-02-20,AMZN,204.76,211.17,203.75,210.11,65881611.0,polygon
2026-02-20,AVGO,332.3599853515625,340.1099853515625,329.5799865722656,332.6499938964844,17658900.0,yahoo
2026-02-20,COIN,164.88,175.545,164.12,171.35,13692187.0,polygon
2026-02-20,CRCL,62.25,65.5,61.5,63.02000045776367,9415100.0,yahoo
2026-02-20,CRWV,93.55999755859376,93.6750030517578,84.5,89.25,46247700.0,yahoo
2026-02-20,GOOGL,304.32,316.5,303.9,314.98,53210820.0,polygon
2026-02-20,HOOD,75.2,78.08,75.13,76.11,30283907.0,polygon
2026-02-20,IWM,262.85,267.33,262.14,264.61,47126576.0,polygon
2026-02-20,META,639.685,663.3499,638.78,655.66,14183512.0,polygon
2026-02-20,MSFT,396.11,400.1159,395.16,397.23,34015249.0,polygon
2026-02-20,MU,415.18,430.57,415.15,428.17,29894907.0,polygon
2026-02-20,NVDA,186.57,190.33,185.9378,189.82,178422337.0,polygon
2026-02-20,PLTR,132.365,136.21,131.17,135.24,53726811.0,polygon
2026-02-20,QQQ,600.12,610.35,599.23,608.81,74127323.0,polygon
2026-02-20,SOXL,63.76,68.22,63.58,67.11,81017925.0,polygon
2026-02-20,SPY,682.32,690.06,681.73,689.43,100033986.0,polygon
2026-02-20,TSLA,408.3,414.7,405.5,411.82,57912225.0,polygon
2026-02-23,AAPL,263.49,269.43,263.381,266.18,37308155.220558,polygon
2026-02-23,AMD,198.09,199.38,194.15,196.6,28187909.718457,polygon
2026-02-23,AMZN,208.095,208.43,203.11,205.27,53581508.905566,polygon
2026-02-23,AVGO,332.25,338.5,325.32000732421875,330.3399963378906,16472400.0,yahoo
2026-02-23,COIN,166.16,168.1,158.66,160.24,12685504.546513,polygon
2026-02-23,CRCL,62.095001220703125,63.130001068115234,59.83000183105469,61.16999816894531,8797200.0,yahoo
2026-02-23,CRWV,87.36000061035156,93.38999938964844,86.56999969482422,90.83999633789062,21774800.0,yahoo
2026-02-23,GOOGL,319.045,319.515,309.865,311.49,31422974.242785,polygon
2026-02-23,HOOD,74.595,74.95,71.42,71.78,30422710.364693,polygon
2026-02-23,IWM,263.4,264.37,258.1,260.49,44001083.671187,polygon
2026-02-23,META,652.54,657.7,636.0,637.25,8605909.368735,polygon
2026-02-23,MSFT,395.0,395.36,383.1,384.47,43238273.062546,polygon
2026-02-23,MU,422.31,431.695,415.3001,420.97,25426639.075335,polygon
2026-02-23,NVDA,191.4,193.95,189.575,191.55,171584839.114167,polygon
2026-02-23,PLTR,132.04,132.04,127.39,130.6,52512157.702703,polygon
2026-02-23,QQQ,606.605,608.01,599.05,601.41,63859111.209545,polygon
2026-02-23,SOXL,65.85,67.65,63.47,65.86,66926259.641762,polygon
2026-02-23,SPY,687.83,690.0,680.371,682.39,90558087.165861,polygon
2026-02-23,TSLA,407.285,407.7,394.04,399.83,69680026.551352,polygon
2026-02-24,AAPL,267.86,274.89,267.71,272.14,47014619.809251,polygon
2026-02-24,AMD,211.63,216.71,206.5,213.84,81367020.324631,polygon
2026-02-24,AMZN,205.47,210.36,203.25,208.56,41137162.535434,polygon
2026-02-24,AVGO,322.5400085449219,328.3099975585937,314.45001220703125,325.489990234375,23614400.0,yahoo
2026-02-24,COIN,155.835,162.28,152.7,162.03,10442922.72358,polygon
2026-02-24,CRCL,60.38999938964844,62.95000076293945,59.459999084472656,61.369998931884766,8283500.0,yahoo
2026-02-24,CRWV,91.05999755859376,99.37000274658205,90.68599700927734,99.3000030517578,24587600.0,yahoo
2026-02-24,GOOGL,310.515,312.27,305.93,310.9,25615646.349696,polygon
2026-02-24,HOOD,70.912,73.88,69.22,73.39,23571757.195223,polygon
2026-02-24,IWM,260.4,264.14,259.86,263.33,34884242.68506,polygon
2026-02-24,META,633.08,641.11,628.98,639.3,10135647.352679,polygon
2026-02-24,MSFT,384.14,389.36,381.71,389.0,33884653.915604,polygon
2026-02-24,MU,429.22,436.27,411.28,418.01,33389161.374959,polygon
2026-02-24,NVDA,191.49,193.77,187.4,192.85,175123602.610203,polygon
2026-02-24,PLTR,129.005,130.24,126.37,128.84,47121438.547551,polygon
2026-02-24,QQQ,602.4,608.99,599.73,607.87,55023732.934391,polygon
2026-02-24,SOXL,68.11,69.995,66.35,68.53,66892148.066194,polygon
2026-02-24,SPY,681.9,688.35,680.0,687.35,73798727.15384,polygon
2026-02-24,TSLA,399.5,410.82,397.64,409.38,58579482.300283,polygon
2026-02-25,AAPL,271.78,274.94,271.05,274.23,33714342.626628,polygon
2026-02-25,AMD,214.82,216.7,210.33,210.86,44588059.166633,polygon
2026-02-25,AMZN,210.46,211.59,208.93,210.64,41346376.32787,polygon
2026-02-25,AVGO,330.739990234375,335.9100036621094,329.2799987792969,332.3099975585937,20182300.0,yahoo
2026-02-25,COIN,171.78,185.82,169.75,183.94,23793923.999701,polygon
2026-02-25,CRCL,73.7699966430664,83.3499984741211,71.19000244140625,83.13999938964844,63849900.0,yahoo
2026-02-25,CRWV,100.9800033569336,103.44000244140624,97.8499984741211,98.01000213623048,20881000.0,yahoo
2026-02-25,GOOGL,312.06,313.64,309.44,312.9,29963621.892688,polygon
2026-02-25,HOOD,76.91,78.1132,74.64,77.53,32366170.89647,polygon
2026-02-25,IWM,265.25,265.2814,262.43,264.58,26012137.481376,polygon
2026-02-25,META,642.53,653.88,642.14,653.69,11330693.952338,polygon
2026-02-25,MSFT,390.525,401.47,390.16,400.6,43625483.46611,polygon
2026-02-25,MU,426.5,436.8899,423.0,429.0,27296338.124314,polygon
2026-02-25,NVDA,194.45,197.6299,193.79,195.56,250637102.653623,polygon
2026-02-25,PLTR,130.61,136.09,129.18,134.19,53078287.647025,polygon
2026-02-25,QQQ,611.07,616.83,611.0,616.68,55710653.205681,polygon
2026-02-25,SOXL,70.885,72.36,70.48,71.86,52929283.403457,polygon
2026-02-25,SPY,690.18,693.68,690.1,693.15,56369479.067997,polygon
2026-02-25,TSLA,412.15,420.34,412.15,417.4,54809704.567413,polygon
2026-02-26,AAPL,274.945,276.11,270.795,272.95,32345114.765942,polygon
2026-02-26,AMD,208.8,209.79,201.46,203.68,35020472.560044,polygon
2026-02-26,AMZN,210.73,211.05,205.345,207.92,47756765.609998,polygon
2026-02-26,AVGO,326.5,326.5799865722656,307.92999267578125,321.70001220703125,33025300.0,yahoo
2026-02-26,COIN,181.44,186.39,176.7501,181.06,12746623.729364,polygon
2026-02-26,CRCL,81.56500244140625,90.5999984741211,81.2300033569336,87.20999908447266,41836500.0,yahoo
2026-02-26,CRWV,98.8499984741211,100.75,95.0199966430664,97.62999725341795,27329400.0,yahoo
2026-02-26,GOOGL,312.64,313.14,302.345,307.38,36431231.916257,polygon
2026-02-26,HOOD,76.93,79.5686,76.45,79.45,22685799.019009,polygon
2026-02-26,IWM,265.01,266.235,262.12,265.99,41206465.21938,polygon
2026-02-26,META,650.55,661.0,647.5,657.01,10637736.708978,polygon
2026-02-26,MSFT,404.71,407.49,398.74,401.72,34405869.720193,polygon
2026-02-26,MU,424.84,434.0,401.96,415.56,35433455.777604,polygon
2026-02-26,NVDA,194.27,194.29,184.315,184.89,360807907.423002,polygon
2026-02-26,PLTR,133.845,137.51,132.63,135.94,45100010.479428,polygon
2026-02-26,QQQ,615.59,615.59,603.98,609.24,96178870.064324,polygon
2026-02-26,SOXL,71.03,71.11,61.63,65.34,97787941.836533,polygon
2026-02-26,SPY,693.28,693.3,684.35,689.3,71670990.008025,polygon
2026-02-26,TSLA,414.42,416.81,403.66,408.58,53602497.658486,polygon
2026-02-27,AAPL,272.81,272.81,262.89,264.18,72371936.0,polygon
2026-02-27,AMD,200.105,201.89,197.74,200.21,31284237.0,polygon
2026-02-27,AMZN,206.83,210.33,205.2,210.0,57870717.0,polygon
2026-02-27,AVGO,310.70001220703125,320.0,310.0,319.54998779296875,28004200.0,yahoo
2026-02-27,COIN,175.35,179.0565,171.81,175.85,11426940.0,polygon
2026-02-27,CRCL,83.62000274658203,84.9800033569336,80.97000122070312,83.44000244140625,19295200.0,yahoo
2026-02-27,CRWV,84.22000122070312,84.37999725341797,75.66000366210938,79.55999755859375,67921300.0,yahoo
2026-02-27,GOOGL,304.135,312.37,303.8,311.76,44666191.0,polygon
2026-02-27,HOOD,76.8,77.79,74.82,75.85,23482350.0,polygon
2026-02-27,IWM,262.095,262.76,259.77,261.41,40622947.0,polygon
2026-02-27,META,643.45,649.44,638.12,648.18,15666844.0,polygon
2026-02-27,MSFT,390.88,396.82,389.88,392.74,51435143.0,polygon
2026-02-27,MU,401.81,417.96,401.1818,412.37,28600187.0,polygon
2026-02-27,NVDA,181.25,182.59,176.38,177.19,310868240.0,polygon
2026-02-27,PLTR,134.07,138.1,133.98,137.19,59351964.0,polygon
2026-02-27,QQQ,602.98,608.32,602.19,607.29,68084109.0,polygon
2026-02-27,SOXL,61.505,63.76,60.655,62.77,70103317.0,polygon
2026-02-27,SPY,683.09,686.86,681.64,685.99,83292447.0,polygon
2026-02-27,TSLA,402.94,407.12,398.11,402.51,56858822.0,polygon
2026-03-02,AAPL,262.44000244140625,266.5299987792969,260.20001220703125,264.7200012207031,41576035.0,yahoo
2026-03-02,AMD,193.8099975585937,198.72999572753903,190.0,198.6199951171875,33988318.0,yahoo
2026-03-02,AMZN,204.5500030517578,209.72000122070312,203.47999572753903,208.38999938964844,43410499.0,yahoo
2026-03-02,AVGO,309.3599853515625,320.0400085449219,307.20001220703125,318.82000732421875,20567200.0,yahoo
2026-03-02,COIN,172.3195037841797,186.3500061035156,172.22000122070312,185.2400054931641,12076815.0,yahoo
2026-03-02,CRCL,80.80000305175781,96.61000061035156,80.2300033569336,96.13999938964844,32855500.0,yahoo
2026-03-02,CRWV,76.61000061035156,80.33000183105469,75.5999984741211,78.05000305175781,25514200.0,yahoo
2026-03-02,GOOGL,303.1300048828125,308.489990234375,301.29998779296875,306.5199890136719,34310346.0,yahoo
2026-03-02,HOOD,73.48500061035156,79.54000091552734,73.0,78.77999877929688,26551076.0,yahoo
2026-03-02,IWM,257.8099975585937,264.2799987792969,257.7974853515625,263.8099975585937,53234659.0,yahoo
2026-03-02,META,637.1599731445312,659.9400024414062,634.5,653.5599975585938,9725792.0,yahoo
2026-03-02,MSFT,392.760009765625,401.1900024414063,390.6300048828125,398.5499877929688,32492755.0,yahoo
2026-03-02,MU,401.4700012207031,417.6099853515625,397.0101013183594,412.6700134277344,29942178.0,yahoo
2026-03-02,NVDA,174.8000030517578,183.4600067138672,174.63999938964844,182.47999572753903,206465519.0,yahoo
2026-03-02,PLTR,140.77499389648438,147.13999938964844,140.52000427246094,145.1699981689453,72288708.0,yahoo
2026-03-02,QQQ,598.9299926757812,609.9199829101562,597.989990234375,608.0900268554688,74165380.0,yahoo
2026-03-02,SOXL,58.11000061035156,62.81999969482422,58.04999923706055,62.7599983215332,81030002.0,yahoo
2026-03-02,SPY,678.7000122070312,688.6199951171875,678.031005859375,686.3800048828125,83702843.0,yahoo
2026-03-02,TSLA,390.3200073242188,404.5398864746094,388.25,403.3200073242188,52697218.0,yahoo
2026-03-03,AAPL,263.4800109863281,265.5599975585937,260.1300048828125,263.75,34853681.0,yahoo
2026-03-03,AMD,191.4600067138672,193.63999938964844,188.22000122070312,190.9499969482422,36191094.0,yahoo
2026-03-03,AMZN,203.22999572753903,209.1779937744141,202.47999572753903,208.72999572753903,42680032.0,yahoo
2026-03-03,AVGO,313.0,315.8800048828125,307.3999938964844,313.8399963378906,20826200.0,yahoo
2026-03-03,COIN,177.17999267578125,186.3031005859375,172.0500030517578,182.3600006103516,12366791.0,yahoo
2026-03-03,CRCL,91.5,104.3000030517578,91.12999725341795,99.62999725341795,33367000.0,yahoo
2026-03-03,CRWV,75.2300033569336,75.37000274658203,70.37000274658203,73.77999877929688,24549400.0,yahoo
2026-03-03,GOOGL,298.5899963378906,303.94000244140625,296.7099914550781,303.5799865722656,35347940.0,yahoo
2026-03-03,HOOD,74.04000091552734,77.39990234375,72.25,76.06999969482422,26583940.0,yahoo
2026-03-03,IWM,256.79998779296875,261.1199951171875,253.3099975585937,259.239990234375,59248326.0,yahoo
2026-03-03,META,648.2899780273438,659.0399780273438,638.8400268554688,655.0800170898438,10683391.0,yahoo
2026-03-03,MSFT,393.1400146484375,406.7000122070313,392.6799926757813,403.9299926757813,37947881.0,yahoo
2026-03-03,MU,386.5499877929688,390.0899963378906,374.5499877929688,379.6799926757813,38513674.0,yahoo
2026-03-03,NVDA,178.4774932861328,180.8999938964844,176.9199981689453,180.0500030517578,169851790.0,yahoo
2026-03-03,PLTR,142.10000610351562,147.5,138.1999969482422,147.22000122070312,67059368.0,yahoo
2026-03-03,QQQ,596.3200073242188,603.9550170898438,591.8699951171875,601.5800170898438,96194557.0,yahoo
2026-03-03,SOXL,55.1150016784668,55.84999847412109,51.36000061035156,53.41999816894531,129639890.0,yahoo
2026-03-03,SPY,675.0599975585938,682.6099853515625,669.6599731445312,680.3300170898438,104078155.0,yahoo
2026-03-03,TSLA,395.0899963378906,396.3399963378906,385.3999938964844,392.4299926757813,62317429.0,yahoo
2026-03-04,AAPL,264.6499938964844,266.1499938964844,261.4200134277344,262.5199890136719,39258957.0,yahoo
2026-03-04,AMD,192.1699981689453,202.44000244140625,189.8600006103516,202.07000732421875,40110276.0,yahoo
2026-03-04,AMZN,210.47000122070312,217.5350036621093,210.1499938964844,216.82000732421875,54286831.0,yahoo
2026-03-04,AVGO,315.67999267578125,322.6400146484375,311.739990234375,317.5299987792969,34895800.0,yahoo
2026-03-04,COIN,195.4349975585937,212.07000732421875,195.3999938964844,208.92999267578125,27099602.0,yahoo
2026-03-04,CRCL,102.8000030517578,106.3499984741211,101.4000015258789,105.2699966430664,24171000.0,yahoo
2026-03-04,CRWV,77.80000305175781,80.66000366210938,75.80000305175781,79.5,25322800.0,yahoo
2026-03-04,GOOGL,302.8900146484375,305.4649963378906,300.75,303.1300048828125,29310644.0,yahoo
2026-03-04,HOOD,79.63999938964844,83.8499984741211,79.62000274658203,82.20999908447266,37991917.0,yahoo
2026-03-04,IWM,261.20001220703125,262.9599914550781,258.8299865722656,261.760009765625,37834631.0,yahoo
2026-03-04,META,657.9600219726562,672.75,657.6710815429688,667.72998046875,10709535.0,yahoo
2026-03-04,MSFT,401.1619873046875,411.0325927734375,400.30999755859375,405.2000122070313,35644323.0,yahoo
2026-03-04,MU,393.635009765625,407.8800048828125,387.60888671875,400.7699890136719,32265916.0,yahoo
2026-03-04,NVDA,180.3699951171875,184.6999969482422,180.05999755859375,183.0399932861328,175709563.0,yahoo
2026-03-04,PLTR,148.4499969482422,154.52000427246094,148.10000610351562,153.19000244140625,59673984.0,yahoo
2026-03-04,QQQ,604.1500244140625,612.8800048828125,603.4299926757812,610.75,69315779.0,yahoo
2026-03-04,SOXL,55.959999084472656,57.720001220703125,54.380001068115234,56.619998931884766,74072546.0,yahoo
2026-03-04,SPY,681.6300048828125,687.0900268554688,679.6199951171875,685.1300048828125,67744042.0,yahoo
2026-03-04,TSLA,397.8450012207031,408.3299865722656,394.5899963378906,405.9400024414063,67670354.0,yahoo
2026-03-05,AAPL,260.7449951171875,261.55499267578125,257.25,260.2900085449219,49424671.0,yahoo
2026-03-05,AMD,197.7700042724609,203.7899932861328,194.8800048828125,199.4499969482422,34772443.0,yahoo
2026-03-05,AMZN,215.8500061035156,220.47000122070312,215.58999633789065,218.94000244140625,60693507.0,yahoo
2026-03-05,AVGO,330.17999267578125,336.1199951171875,323.0299987792969,332.7699890136719,57076600.0,yahoo
2026-03-05,COIN,205.7449951171875,213.5,201.5,205.7100067138672,14989340.0,yahoo
2026-03-05,CRCL,105.2699966430664,110.12000274658205,103.3000030517578,105.73999786376952,20902200.0,yahoo
2026-03-05,CRWV,77.0,78.68000030517578,73.25,74.81999969482422,22667500.0,yahoo
2026-03-05,GOOGL,303.0050048828125,303.2699890136719,297.989990234375,300.8800048828125,35513981.0,yahoo
2026-03-05,HOOD,82.15499877929688,84.73999786376953,78.55000305175781,80.55999755859375,39358719.0,yahoo
2026-03-05,IWM,258.989990234375,260.7550048828125,254.1649932861328,256.760009765625,59687456.0,yahoo
2026-03-05,META,662.1500244140625,670.7000122070312,650.3099975585938,660.5700073242188,13249534.0,yahoo
2026-03-05,MSFT,404.43499755859375,411.6099853515625,404.3999938964844,410.6799926757813,38460684.0,yahoo
2026-03-05,MU,398.6000061035156,404.5299987792969,380.2999877929688,397.0499877929688,29426396.0,yahoo
2026-03-05,NVDA,181.1699981689453,184.0599975585937,177.88999938964844,183.33999633789065,190766610.0,yahoo
2026-03-05,PLTR,152.8000030517578,156.3800048828125,149.61000061035156,152.6699981689453,50250313.0,yahoo
2026-03-05,QQQ,607.4500122070312,612.760009765625,602.260009765625,608.9099731445312,88137401.0,yahoo
2026-03-05,SOXL,55.31499862670898,57.69060134887695,51.130001068115234,54.79999923706055,108862234.0,yahoo
2026-03-05,SPY,682.0800170898438,685.530029296875,675.6099853515625,681.3099975585938,98846225.0,yahoo
2026-03-05,TSLA,401.5700073242188,408.6199035644531,399.4200134277344,405.5499877929688,51653564.0,yahoo
2026-03-06,AAPL,258.739990234375,258.760009765625,254.3699951171875,257.4599914550781,40628988.0,yahoo
2026-03-06,AMD,195.1600036621093,200.2400054931641,191.25010681152344,192.42999267578125,33121910.0,yahoo
2026-03-06,AMZN,214.9900054931641,217.32000732421875,212.5350036621093,213.2100067138672,50910303.0,yahoo
2026-03-06,AVGO,328.1700134277344,343.5,327.40399169921875,330.4800109863281,38409481.0,yahoo
2026-03-06,COIN,197.759994506836,202.7436981201172,194.6600036621093,197.22000122070312,11427121.0,yahoo
2026-03-06,CRCL,102.81999969482422,106.26000213623048,100.06999969482422,101.91000366210938,16147263.0,yahoo
2026-03-06,CRWV,72.95500183105469,77.94969940185547,71.8499984741211,72.98999786376953,24994650.0,yahoo
2026-03-06,GOOGL,296.1099853515625,300.5299987792969,295.17999267578125,298.5199890136719,25386636.0,yahoo
2026-03-06,HOOD,77.94000244140625,79.0,76.37999725341797,77.08999633789062,28493131.0,yahoo
2026-03-06,IWM,251.4900054931641,253.2998962402344,249.94000244140625,250.88999938964844,62809559.0,yahoo
2026-03-06,META,647.9000244140625,649.456787109375,636.1799926757812,644.8599853515625,13000591.0,yahoo
2026-03-06,MSFT,409.2999877929688,413.0499877929688,408.5101013183594,408.9599914550781,30792826.0,yahoo
2026-03-06,MU,380.1400146484375,391.1799011230469,367.4500122070313,370.2999877929688,33749015.0,yahoo
2026-03-06,NVDA,179.83999633789062,182.756103515625,176.82009887695312,177.82000732421875,187239412.0,yahoo
2026-03-06,PLTR,150.3679962158203,161.4499969482422,150.29629516601562,157.16000366210938,74597309.0,yahoo
2026-03-06,QQQ,600.3350219726562,605.989990234375,598.3699951171875,599.75,83945081.0,yahoo
2026-03-06,SOXL,50.09000015258789,53.36000061035156,46.79999923706055,47.88999938964844,123609404.0,yahoo
2026-03-06,SPY,673.4099731445312,676.0999755859375,669.780029296875,672.3800048828125,93388376.0,yahoo
2026-03-06,TSLA,398.18499755859375,402.3500061035156,394.2200012207031,396.7300109863281,63495510.0,yahoo
2026-03-09,AAPL,255.69000244140625,261.1499938964844,253.6804962158203,259.8800048828125,38153594.0,yahoo
2026-03-09,AMD,189.0200042724609,202.97000122070312,189.0200042724609,202.67999267578125,38678483.0,yahoo
2026-03-09,AMZN,210.4600067138672,213.82000732421875,207.1100006103516,213.4900054931641,54486876.0,yahoo
2026-03-09,AVGO,327.25,348.489990234375,323.610107421875,345.75,38913091.0,yahoo
2026-03-09,COIN,197.7350006103516,203.4900054931641,192.6293029785156,199.7899932861328,11988558.0,yahoo
2026-03-09,CRCL,105.20999908447266,112.66000366210938,104.97000122070312,111.83999633789062,21437576.0,yahoo
2026-03-09,CRWV,71.43000030517578,74.5,70.69999694824219,74.41000366210938,21487395.0,yahoo
2026-03-09,GOOGL,294.3599853515625,306.79998779296875,294.0799865722656,306.3599853515625,29038287.0,yahoo
2026-03-09,HOOD,75.75800323486328,79.6500015258789,75.55000305175781,79.3499984741211,25081085.0,yahoo
2026-03-09,IWM,247.58999633789065,254.6499938964844,244.3999938964844,253.6199951171875,65138799.0,yahoo
2026-03-09,META,634.7525024414062,647.739990234375,626.780029296875,647.3900146484375,13463314.0,yahoo
2026-03-09,MSFT,404.9150085449219,410.2099914550781,403.5,409.4100036621094,30073894.0,yahoo
2026-03-09,MU,363.9599914550781,390.0,357.6700134277344,389.3200073242188,35399251.0,yahoo
2026-03-09,NVDA,176.8300018310547,182.9100036621093,175.55999755859375,182.6499938964844,176552775.0,yahoo
2026-03-09,PLTR,155.69000244140625,158.44000244140625,152.97000122070312,156.42999267578125,47436735.0,yahoo
2026-03-09,QQQ,594.219970703125,609.25,591.3350219726562,607.760009765625,92758989.0,yahoo
2026-03-09,SOXL,45.5099983215332,53.77999877929688,44.52999877929688,53.31999969482422,113362337.0,yahoo
2026-03-09,SPY,666.3900146484375,679.9199829101562,662.3900146484375,678.27001953125,92067930.0,yahoo
2026-03-09,TSLA,390.0499877929688,401.5780029296875,381.3999938964844,398.6799926757813,66822812.0,yahoo
2026-03-10,AAPL,257.69500732421875,262.4800109863281,256.95001220703125,260.8299865722656,26403306.0,yahoo
2026-03-10,AMD,202.509994506836,206.58999633789065,202.1999969482422,203.22999572753903,29019412.0,yahoo
2026-03-10,AMZN,214.125,215.6499938964844,212.42999267578125,214.3300018310547,35447311.0,yahoo
2026-03-10,AVGO,348.510009765625,353.1400146484375,340.79998779296875,342.5799865722656,29467875.0,yahoo
2026-03-10,COIN,204.4499969482422,206.009994506836,194.75,196.5200042724609,10695537.0,yahoo
2026-03-10,CRCL,113.44000244140624,121.79000091552734,112.83999633789062,118.08999633789062,22632865.0,yahoo
2026-03-10,CRWV,75.01000213623047,75.91999816894531,73.75,74.91999816894531,15180127.0,yahoo
2026-03-10,GOOGL,306.8399963378906,309.5,305.5704040527344,307.0400085449219,23146252.0,yahoo
2026-03-10,HOOD,80.20500183105469,80.7499008178711,77.66000366210938,78.52999877929688,22515479.0,yahoo
2026-03-10,IWM,252.9600067138672,257.6449890136719,252.3999938964844,253.3600006103516,55691412.0,yahoo
2026-03-10,META,653.5599975585938,660.2999877929688,649.0,654.0700073242188,9827977.0,yahoo
2026-03-10,MSFT,410.0299987792969,410.2000122070313,402.9400024414063,405.760009765625,31601780.0,yahoo
2026-03-10,MU,394.010009765625,415.30999755859375,394.010009765625,403.1099853515625,33521507.0,yahoo
2026-03-10,NVDA,182.3999938964844,186.44000244140625,182.0101013183593,184.7700042724609,178278679.0,yahoo
2026-03-10,PLTR,155.97999572753906,156.6571044921875,150.13999938964844,151.13999938964844,45445125.0,yahoo
2026-03-10,QQQ,607.7899780273438,613.2800903320312,605.4199829101562,607.77001953125,63309130.0,yahoo
2026-03-10,SOXL,53.36000061035156,57.77999877929688,53.36000061035156,54.59000015258789,103643453.0,yahoo
2026-03-10,SPY,677.719970703125,683.3599853515625,674.7608032226562,677.1799926757812,80651435.0,yahoo
2026-03-10,TSLA,402.0549926757813,406.5799865722656,398.1900024414063,399.2349853515625,59079142.0,yahoo
2026-03-11,AAPL,261.2099914550781,262.1300048828125,259.54998779296875,260.8099975585937,25826274.0,yahoo
2026-03-11,AMD,205.1000061035156,209.2100067138672,203.6300048828125,204.8300018310547,22637223.0,yahoo
2026-03-11,AMZN,215.884994506836,217.0,211.3500061035156,212.6499938964844,33810699.0,yahoo
2026-03-11,AVGO,342.5799865722656,345.79998779296875,338.2200012207031,341.57000732421875,17101016.0,yahoo
2026-03-11,COIN,197.58999633789065,203.1000061035156,192.5200042724609,198.6300048828125,9414925.0,yahoo
2026-03-11,CRCL,119.8000030517578,123.38999938964844,112.30010223388672,112.80999755859376,19135761.0,yahoo
2026-03-11,CRWV,78.95999908447266,82.98999786376953,77.86000061035156,81.95999908447266,31723696.0,yahoo
2026-03-11,GOOGL,306.5400085449219,311.4200134277344,305.9200134277344,308.70001220703125,23945198.0,yahoo
2026-03-11,HOOD,78.11000061035156,79.7699966430664,76.73999786376953,78.69000244140625,22422517.0,yahoo
2026-03-11,IWM,252.33999633789065,254.3800048828125,250.5800018310547,252.8500061035156,48718424.0,yahoo
2026-03-11,META,656.3286743164062,659.1199951171875,648.3599853515625,654.8599853515625,8924999.0,yahoo
2026-03-11,MSFT,405.8399963378906,409.010009765625,401.5899963378906,404.8800048828125,25374129.0,yahoo
2026-03-11,MU,410.8500061035156,422.75,405.7900085449219,418.6900024414063,29707921.0,yahoo
2026-03-11,NVDA,185.9199981689453,187.6199951171875,184.4501037597656,186.02999877929688,138663908.0,yahoo
2026-03-11,PLTR,151.4739990234375,153.16900634765625,149.3303985595703,151.60000610351562,33603400.0,yahoo
2026-03-11,QQQ,608.9500122070312,612.4299926757812,605.030029296875,607.6900024414062,58692761.0,yahoo
2026-03-11,SOXL,55.5,57.72999954223633,55.34999847412109,56.09000015258789,78331822.0,yahoo
2026-03-11,SPY,677.5800170898438,680.0800170898438,673.3400268554688,676.3300170898438,67291756.0,yahoo
2026-03-11,TSLA,402.2200012207031,416.3799133300781,402.1499938964844,407.8200073242188,62101725.0,yahoo
2026-03-12,AAPL,258.6400146484375,258.95001220703125,254.17999267578125,255.759994506836,40132517.0,yahoo
2026-03-12,AMD,202.9499969482422,203.6199951171875,196.6699981689453,197.7400054931641,28277498.0,yahoo
2026-03-12,AMZN,210.3300018310547,211.7100067138672,208.1499938964844,209.52999877929688,44067157.0,yahoo
2026-03-12,AVGO,337.5350036621094,339.8299865722656,332.20001220703125,335.9700012207031,21268930.0,yahoo
2026-03-12,COIN,196.1100006103516,198.0,192.4600067138672,193.22999572753903,7922072.0,yahoo
2026-03-12,CRCL,113.04499816894533,116.66999816894533,112.1500015258789,114.18000030517578,12117582.0,yahoo
2026-03-12,CRWV,79.6500015258789,82.37999725341797,78.4000015258789,79.86000061035156,15683434.0,yahoo
2026-03-12,GOOGL,306.8500061035156,308.94000244140625,301.0400085449219,303.54998779296875,24717197.0,yahoo
2026-03-12,HOOD,77.33499908447266,77.80999755859375,75.06999969482422,76.12000274658203,22548186.0,yahoo
2026-03-12,IWM,248.94000244140625,249.80499267578125,246.5749969482422,247.4100036621093,61523204.0,yahoo
2026-03-12,META,648.8200073242188,653.5,636.9000244140625,638.1799926757812,11019525.0,yahoo
2026-03-12,MSFT,404.8399963378906,406.1199951171875,401.7099914550781,401.8599853515625,26767393.0,yahoo
2026-03-12,MU,409.9949951171875,413.7300109863281,396.6650085449219,405.3500061035156,30773821.0,yahoo
2026-03-12,NVDA,184.0500030517578,184.94000244140625,181.75,183.13999938964844,153887196.0,yahoo
2026-03-12,PLTR,153.00999450683594,155.8800048828125,150.97999572753906,153.5,53976763.0,yahoo
2026-03-12,QQQ,602.760009765625,604.1300048828125,597.0499877929688,597.260009765625,71249603.0,yahoo
2026-03-12,SOXL,53.52999877929688,53.880001068115234,49.52999877929688,50.27999877929688,104252209.0,yahoo
2026-03-12,SPY,671.1599731445312,671.6500244140625,665.8699951171875,666.0599975585938,107906562.0,yahoo
2026-03-12,TSLA,405.1000061035156,406.5,394.6499938964844,395.010009765625,59382702.0,yahoo
2026-03-13,AAPL,255.3999938964844,256.3299865722656,249.5200042724609,250.1199951171875,34193754.0,yahoo
2026-03-13,AMD,198.1150054931641,199.67999267578125,192.2700042724609,193.38999938964844,27033741.0,yahoo
2026-03-13,AMZN,209.3999938964844,210.5599975585937,206.22000122070312,207.6699981689453,34201623.0,yahoo
2026-03-13,AVGO,337.7250061035156,338.32000732421875,321.42999267578125,322.1600036621094,25690012.0,yahoo
2026-03-13,COIN,203.759994506836,207.1300048828125,193.83999633789065,195.52999877929688,11934853.0,yahoo
2026-03-13,CRCL,118.33499908447266,119.2699966430664,113.16999816894533,115.37999725341795,11292077.0,yahoo
2026-03-13,CRWV,81.06999969482422,84.44000244140625,79.4749984741211,81.11000061035156,16696899.0,yahoo
2026-03-13,GOOGL,307.17999267578125,307.614990234375,300.44000244140625,302.2799987792969,23640054.0,yahoo
2026-03-13,HOOD,76.80799865722656,77.62999725341797,72.79499816894531,73.38999938964844,33165656.0,yahoo
2026-03-13,IWM,249.259994506836,250.6100006103516,245.5350036621093,246.58999633789065,53403271.0,yahoo
2026-03-13,META,623.27001953125,629.169921875,609.5499877929688,613.7100219726562,18758294.0,yahoo
2026-03-13,MSFT,400.7200012207031,404.7999877929688,394.25,395.5499877929688,26350249.0,yahoo
2026-03-13,MU,413.75,429.3500061035156,413.0,426.1300048828125,39072307.0,yahoo
2026-03-13,NVDA,184.9100036621093,186.08999633789065,179.94000244140625,180.25,156420571.0,yahoo
2026-03-13,PLTR,153.19009399414062,154.55999755859375,148.58009338378906,150.9499969482422,42212989.0,yahoo
2026-03-13,QQQ,599.72998046875,603.5999145507812,592.5700073242188,593.719970703125,62259655.0,yahoo
2026-03-13,SOXL,51.875,53.959999084472656,50.040000915527344,50.720001220703125,82441602.0,yahoo
2026-03-13,SPY,669.27001953125,672.3350219726562,661.3599853515625,662.2899780273438,83073510.0,yahoo
2026-03-13,TSLA,399.1650085449219,400.1600036621094,389.9500122070313,391.2000122070313,57370326.0,yahoo
2026-03-16,AAPL,252.10499572753903,253.884994506836,249.8800048828125,252.82000732421875,30091880.0,yahoo
2026-03-16,AMD,194.84500122070312,200.1699981689453,194.8000030517578,196.5800018310547,30136935.0,yahoo
2026-03-16,AMZN,208.3500061035156,212.7239990234375,207.44500732421875,211.7400054931641,42137043.0,yahoo
2026-03-16,AVGO,326.0199890136719,329.20001220703125,320.0599975585937,324.9200134277344,31244813.0,yahoo
2026-03-16,COIN,201.8265991210937,206.44000244140625,198.6201019287109,203.32000732421875,12965588.0,yahoo
2026-03-16,CRCL,120.1500015258789,126.5,119.77999877929688,125.83000183105467,16847331.0,yahoo
2026-03-16,CRWV,85.88999938964844,88.26000213623047,81.87999725341797,85.86000061035156,24942266.0,yahoo
2026-03-16,GOOGL,304.3500061035156,306.48858642578125,303.0201110839844,305.5599975585937,23445212.0,yahoo
2026-03-16,HOOD,75.0999984741211,75.80000305175781,74.11000061035156,75.30999755859375,22641027.0,yahoo
2026-03-16,IWM,249.759994506836,251.46499633789065,248.3099975585937,248.9199981689453,46739134.0,yahoo
2026-03-16,META,632.0,634.739990234375,623.1004028320312,627.4500122070312,14353381.0,yahoo
2026-03-16,MSFT,397.9450073242188,400.6300048828125,394.7900085449219,399.9500122070313,27676508.0,yahoo
2026-03-16,MU,446.1600036621094,454.8599853515625,437.7449951171875,441.7999877929688,40573623.0,yahoo
2026-03-16,NVDA,182.97000122070312,188.8699951171875,181.4100036621093,183.22000122070312,215647512.0,yahoo
2026-03-16,PLTR,152.4499969482422,153.86000061035156,151.1750030517578,152.72000122070312,32773147.0,yahoo
2026-03-16,QQQ,600.0399780273438,603.85498046875,599.1199951171875,600.3800048828125,47223153.0,yahoo
2026-03-16,SOXL,54.060001373291016,55.66249847412109,53.0099983215332,53.68999862670898,78890562.0,yahoo
2026-03-16,SPY,668.3800048828125,672.0700073242188,667.1199951171875,669.030029296875,81253874.0,yahoo
2026-03-16,TSLA,396.125,403.7300109863281,394.4200134277344,395.55999755859375,57799658.0,yahoo
2026-03-17,AAPL,253.07850646972656,255.12989807128903,252.17999267578125,254.22999572753903,27556024.0,yahoo
2026-03-17,AMD,196.67999267578125,199.2100067138672,195.259994506836,196.3099975585937,22051976.0,yahoo
2026-03-17,AMZN,212.884994506836,215.6999969482422,212.42999267578125,215.1999969482422,41662109.0,yahoo
2026-03-17,AVGO,325.6199951171875,327.44000244140625,317.25,321.3099975585937,37931378.0,yahoo
2026-03-17,COIN,202.2700042724609,213.4600067138672,202.1300048828125,210.22999572753903,11769976.0,yahoo
2026-03-17,CRCL,124.01000213623048,136.64999389648438,122.74009704589844,132.30999755859375,21082188.0,yahoo
2026-03-17,CRWV,83.8239974975586,85.0999984741211,81.55999755859375,82.12000274658203,16605656.0,yahoo
2026-03-17,GOOGL,305.9949951171875,311.4200134277344,305.510009765625,310.9200134277344,21500980.0,yahoo
2026-03-17,HOOD,75.4000015258789,77.69999694824219,75.38999938964844,77.3499984741211,20131531.0,yahoo
2026-03-17,IWM,249.8699951171875,251.7079925537109,248.9600067138672,250.0500030517578,40245262.0,yahoo
2026-03-17,META,628.530029296875,636.5499877929688,621.7100219726562,622.6599731445312,10268468.0,yahoo
2026-03-17,MSFT,400.135009765625,404.3999938964844,397.7449951171875,399.4100036621094,24516587.0,yahoo
2026-03-17,MU,452.5350036621094,462.7298889160156,445.1401062011719,461.6900024414063,42078368.0,yahoo
2026-03-17,NVDA,185.0500030517578,185.3999938964844,181.680404663086,181.92999267578125,178520213.0,yahoo
2026-03-17,PLTR,152.3000030517578,156.75,152.1199951171875,155.0800018310547,36638206.0,yahoo
2026-03-17,QQQ,603.1400146484375,605.8900146484375,601.8699951171875,603.3099975585938,46504385.0,yahoo
2026-03-17,SOXL,55.09999847412109,55.38999938964844,53.29999923706055,54.95000076293945,57213096.0,yahoo
2026-03-17,SPY,672.3900146484375,674.4400024414062,669.8499755859375,670.7899780273438,64870042.0,yahoo
2026-03-17,TSLA,395.6900024414063,400.1199951171875,393.0,399.2699890136719,46052732.0,yahoo
2026-03-18,AAPL,252.625,254.94000244140625,249.0,249.94000244140625,34652568.0,yahoo
2026-03-18,AMD,196.125,202.8500061035156,195.75,199.4600067138672,28258166.0,yahoo
2026-03-18,AMZN,213.9600067138672,215.14010620117188,208.8300018310547,209.8699951171875,37711795.0,yahoo
2026-03-18,AVGO,320.6000061035156,325.44000244140625,315.54998779296875,315.92999267578125,22971289.0,yahoo
2026-03-18,COIN,206.4900054931641,209.0,201.13999938964844,202.2899932861328,12536235.0,yahoo
2026-03-18,CRCL,131.49000549316406,135.48599243164062,128.0,132.83999633789062,16761218.0,yahoo
2026-03-18,CRWV,80.70999908447266,85.27999877929688,80.04000091552734,82.81999969482422,17267587.0,yahoo
2026-03-18,GOOGL,309.3099975585937,312.4700012207031,306.9320068359375,307.69000244140625,19852916.0,yahoo
2026-03-18,HOOD,76.03199768066406,77.25,74.8301010131836,74.9000015258789,21842423.0,yahoo
2026-03-18,IWM,248.4100036621093,249.22999572753903,245.88999938964844,246.0200042724609,42582237.0,yahoo
2026-03-18,META,616.3099975585938,622.6400146484375,614.6099853515625,615.6799926757812,11622275.0,yahoo
2026-03-18,MSFT,397.0450134277344,398.0,391.0,391.7900085449219,25784138.0,yahoo
2026-03-18,MU,464.760009765625,471.3399963378906,458.2999877929688,461.7300109863281,54674120.0,yahoo
2026-03-18,NVDA,182.4900054931641,183.3800048828125,180.3300018310547,180.3999938964844,154378417.0,yahoo
2026-03-18,PLTR,154.8249969482422,156.69000244140625,152.61000061035156,152.77000427246094,32322026.0,yahoo
2026-03-18,QQQ,601.5,603.1500244140625,594.5599975585938,594.9000244140625,55253316.0,yahoo
2026-03-18,SOXL,55.02999877929688,56.47999954223633,54.0,54.02000045776367,68955635.0,yahoo
2026-03-18,SPY,668.3599853515625,669.719970703125,661.22998046875,661.4299926757812,80910028.0,yahoo
2026-03-18,TSLA,399.0,403.0650024414063,392.30999755859375,392.7799987792969,49612648.0,yahoo
2026-03-19,AAPL,249.3999938964844,251.8300018310547,247.3000030517578,248.9600067138672,34568663.0,yahoo
2026-03-19,AMD,195.0319976806641,205.8800048828125,192.8300018310547,205.2700042724609,32065632.0,yahoo
2026-03-19,AMZN,207.0599975585937,209.1199951171875,206.0599975585937,208.759994506836,35932990.0,yahoo
2026-03-19,AVGO,312.739990234375,323.2699890136719,308.510009765625,319.8399963378906,23203803.0,yahoo
2026-03-19,COIN,195.16200256347656,205.5,191.8654937744141,202.91000366210932,9229474.0,yahoo
2026-03-19,CRCL,126.3249969482422,129.74000549316406,121.6999969482422,128.3300018310547,19382371.0,yahoo
2026-03-19,CRWV,80.0,81.5999984741211,78.77999877929688,80.66000366210938,19097378.0,yahoo
2026-03-19,GOOGL,304.0050048828125,308.0400085449219,302.3500061035156,307.1300048828125,24934204.0,yahoo
2026-03-19,HOOD,72.27999877929688,75.16000366210938,71.69999694824219,74.16000366210938,21440117.0,yahoo
2026-03-19,IWM,243.02999877929688,250.0850067138672,242.5200042724609,247.6300048828125,58572670.0,yahoo
2026-03-19,META,611.9600219726562,613.0,602.260009765625,606.7000122070312,12389745.0,yahoo
2026-03-19,MSFT,390.0299987792969,392.489990234375,387.05999755859375,389.0199890136719,24689447.0,yahoo
2026-03-19,MU,424.9700012207031,457.2200012207031,421.1099853515625,444.2699890136719,74184623.0,yahoo
2026-03-19,NVDA,178.00999450683594,179.97999572753906,175.78500366210938,178.55999755859375,168466737.0,yahoo
2026-03-19,PLTR,153.05999755859375,156.14999389648438,150.5,155.67999267578125,33742321.0,yahoo
2026-03-19,QQQ,589.5250244140625,595.7999877929688,587.0800170898438,593.02001953125,71900023.0,yahoo
2026-03-19,SOXL,49.52999877929688,56.11000061035156,48.5,54.84999847412109,92338274.0,yahoo
2026-03-19,SPY,656.969970703125,662.97998046875,655.1699829101562,659.7999877929688,110067392.0,yahoo
2026-03-19,TSLA,387.2049865722656,387.2049865722656,378.7300109863281,380.2999877929688,66549732.0,yahoo
2026-03-20,AAPL,248.1100006103516,249.1999053955078,246.0,247.9900054931641,87981315.0,yahoo
2026-03-20,AMD,205.41900634765625,206.3000030517578,198.25999450683597,201.3300018310547,32666267.0,yahoo
2026-03-20,AMZN,207.5,207.53990173339844,204.3159942626953,205.3699951171875,55381136.0,yahoo
2026-03-20,AVGO,319.5849914550781,321.510009765625,309.9200134277344,310.510009765625,37022063.0,yahoo
2026-03-20,COIN,202.6000061035156,203.3000030517578,194.8000030517578,197.5,11875432.0,yahoo
2026-03-20,CRCL,127.9749984741211,132.3800048828125,122.91000366210938,126.02999877929688,20355833.0,yahoo
2026-03-20,CRWV,80.13999938964844,83.1500015258789,77.58000183105469,81.47000122070312,29259185.0,yahoo
2026-03-20,GOOGL,305.989990234375,306.0,298.2699890136719,301.0,44234237.0,yahoo
2026-03-20,HOOD,73.16999816894531,73.4000015258789,69.9000015258789,70.88999938964844,34180031.0,yahoo
2026-03-20,IWM,246.97000122070312,247.5,240.3300018310547,242.22000122070312,74837669.0,yahoo
2026-03-20,META,603.530029296875,603.9550170898438,587.27001953125,593.6599731445312,19820750.0,yahoo
2026-03-20,MSFT,386.260009765625,387.0,380.1199951171875,381.8699951171875,46929374.0,yahoo
2026-03-20,MU,443.9150085449219,449.1000061035156,415.360107421875,422.8999938964844,63367799.0,yahoo
2026-03-20,NVDA,178.0,178.25999450683594,171.72500610351562,172.6999969482422,209815684.0,yahoo
2026-03-20,PLTR,155.25,156.60000610351562,149.08999633789062,150.67999267578125,47566154.0,yahoo
2026-03-20,QQQ,591.0700073242188,591.1500244140625,578.5399780273438,582.0599975585938,89087904.0,yahoo
2026-03-20,SOXL,54.68999862670898,55.359901428222656,49.0,51.13999938964844,98513744.0,yahoo
2026-03-20,SPY,656.510009765625,656.6900024414062,644.719970703125,648.5700073242188,138283514.0,yahoo
2026-03-20,TSLA,379.3900146484375,379.8900146484375,364.4601135253906,367.9599914550781,74680129.0,yahoo
2026-03-23,AAPL,253.99000549316406,254.55999755859375,250.27999877929688,251.49000549316406,37465587.0,yahoo
2026-03-23,AMD,206.39500427246094,209.10000610351562,201.7100067138672,202.67999267578125,30613534.0,yahoo
2026-03-23,AMZN,209.77999877929688,212.8000030517578,209.50999450683594,210.13999938964844,43926097.0,yahoo
2026-03-23,AVGO,318.0899963378906,326.4800109863281,314.92999267578125,322.510009765625,27165250.0,yahoo
2026-03-23,COIN,198.59500122070312,203.9499969482422,196.11000061035156,200.6199951171875,12424834.0,yahoo
2026-03-23,CRCL,124.1500015258789,127.45989990234375,121.31999969482422,126.63999938964844,13660466.0,yahoo
2026-03-23,CRWV,81.79000091552734,85.31999969482422,80.30999755859375,81.95999908447266,19263187.0,yahoo
2026-03-23,GOOGL,302.1099853515625,305.9700012207031,300.92999267578125,302.05999755859375,27375734.0,yahoo
2026-03-23,HOOD,71.84600067138672,73.5999984741211,70.92009735107422,72.48999786376953,24455775.0,yahoo
2026-03-23,IWM,247.1699981689453,251.36000061035156,246.1199951171875,247.4499969482422,78467588.0,yahoo
2026-03-23,META,605.7869873046875,608.6400146484375,599.010009765625,604.0599975585938,13258580.0,yahoo
2026-03-23,MSFT,383.9949951171875,387.2099914550781,381.67999267578125,383.0,28357488.0,yahoo
2026-03-23,MU,426.1449890136719,444.2699890136719,401.5199890136719,404.3500061035156,53942517.0,yahoo
2026-03-23,NVDA,177.25,178.3699951171875,174.75999450683594,175.63999938964844,176073078.0,yahoo
2026-03-23,PLTR,153.27000427246094,161.0800018310547,153.27000427246094,160.83999633789062,55951149.0,yahoo
2026-03-23,QQQ,590.469970703125,595.0800170898438,585.9600219726562,588.0,85760937.0,yahoo
2026-03-23,SOXL,54.630001068115234,56.810001373291016,52.28010177612305,53.029998779296875,114001208.0,yahoo
2026-03-23,SPY,658.0700073242188,662.614990234375,653.9400024414062,655.3800048828125,125203779.0,yahoo
2026-03-23,TSLA,373.0849914550781,385.3299865722656,372.7300109863281,380.8500061035156,72583482.0,yahoo
